{"best test recall": 0.01312977317527479, "yelp2018/recall@20": 0.003486232612981436, "yelp2018/ndcg@20": 0.0020212979769640284, "_timestamp": 1686030521.4823654, "_runtime": 464.94402146339417, "_step": 3, "_wandb": {"runtime": 481}}