{"best test recall": 0.05242470862131073, "yelp2018/recall@20": 0.0512048674802161, "yelp2018/ndcg@20": 0.04294482296505227, "_timestamp": 1686045297.2458043, "_runtime": 4228.204508304596, "_step": 82, "_wandb": {"runtime": 4281}}