{"best test recall": 0.07089750858972224, "yelp2018/recall@20": 0.0702928352732441, "yelp2018/ndcg@20": 0.057761630664306264, "_timestamp": 1686116687.9123714, "_runtime": 3575.4772403240204, "_step": 106, "_wandb": {"runtime": 3603}}