{"custom_epoch": 10, "_timestamp": 1686295419.1139297, "_runtime": 195.59351086616516, "_step": 141, "gowalla/loss": 0.0884374872604503, "best test recall": 0.11829338615145354, "gowalla/recall@20": 0.11829338615145354, "gowalla/ndcg@20": 0.10194010646587, "gowalla/precision@20": 0.03733002880300087, "gowalla/groups/recall_group_1@20": 1.4208668505674332e-05, "gowalla/groups/recall_group_2@20": 3.460825686024962e-05, "gowalla/groups/recall_group_3@20": 6.004612307780638e-05, "gowalla/groups/recall_group_4@20": 0.0001222066313499095, "gowalla/groups/recall_group_5@20": 0.000218162477562855, "gowalla/groups/recall_group_6@20": 0.00027025176049183807, "gowalla/groups/recall_group_7@20": 0.001170034615105992, "gowalla/groups/recall_group_8@20": 0.0020028475222245083, "gowalla/groups/recall_group_9@20": 0.004745946966009103, "gowalla/groups/recall_group_10@20": 0.10965507313026561, "gowalla/time_cost_s": 16.541157960891724, "_wandb": {"runtime": 199}}