{"custom_epoch": 0, "_timestamp": 1687343042.0181825, "_runtime": 73.67520642280579, "_step": 0, "_wandb": {"runtime": 148}}