{"custom_epoch": 127, "_timestamp": 1687696439.7200036, "_runtime": 4002.007189512253, "_step": 3177, "gowalla/loss": 3.454770669454261, "gowalla/training_time": 20.87967824935913, "best test recall": 0.18440957259785762, "gowalla/recall@20": 0.18286372542592155, "gowalla/ndcg@20": 0.15302936164743047, "gowalla/precision@20": 0.056092169602786526, "gowalla/groups/recall_group_1@20": 0.00274867498040072, "gowalla/groups/recall_group_2@20": 0.0021479395738139098, "gowalla/groups/recall_group_3@20": 0.0020099716137989844, "gowalla/groups/recall_group_4@20": 0.0021956085941651064, "gowalla/groups/recall_group_5@20": 0.0027005680599684946, "gowalla/groups/recall_group_6@20": 0.0036880339365311194, "gowalla/groups/recall_group_7@20": 0.006010614245075815, "gowalla/groups/recall_group_8@20": 0.009053101935900646, "gowalla/groups/recall_group_9@20": 0.017935971373886472, "gowalla/groups/recall_group_10@20": 0.13437324111238033, "gowalla/recall@40": 0.2562542577527142, "gowalla/ndcg@40": 0.1763193477622317, "gowalla/precision@40": 0.03978581954585035, "gowalla/groups/recall_group_1@40": 0.006395168138122986, "gowalla/groups/recall_group_2@40": 0.005402699418481722, "gowalla/groups/recall_group_3@40": 0.004721015469360958, "gowalla/groups/recall_group_4@40": 0.005589386728378869, "gowalla/groups/recall_group_5@40": 0.005959857240689226, "gowalla/groups/recall_group_6@40": 0.007457753290425182, "gowalla/groups/recall_group_7@40": 0.011223234392980262, "gowalla/groups/recall_group_8@40": 0.015415186842785488, "gowalla/groups/recall_group_9@40": 0.02782771942881714, "gowalla/groups/recall_group_10@40": 0.1662622368026724, "gradients/embedding_user.weight": {"_type": "histogram", "values": [2.0, 3.0, 2.0, 5.0, 6.0, 2.0, 8.0, 11.0, 22.0, 34.0, 49.0, 84.0, 126.0, 164.0, 278.0, 429.0, 681.0, 964.0, 1325.0, 1934.0, 2710.0, 3767.0, 4993.0, 6369.0, 8345.0, 12826.0, 108200.0, 1600267.0, 111700.0, 13198.0, 8444.0, 6423.0, 4890.0, 3634.0, 2710.0, 1880.0, 1408.0, 942.0, 688.0, 473.0, 323.0, 204.0, 136.0, 67.0, 59.0, 35.0, 22.0, 20.0, 17.0, 9.0, 5.0, 7.0, 7.0, 1.0, 1.0, 1.0, 1.0, 0.0, 0.0, 0.0, 0.0, 0.0, 0.0, 1.0], "bins": [-0.0010353955440223217, -0.0009977536974474788, -0.0009601118508726358, -0.0009224700042977929, -0.00088482815772295, -0.000847186311148107, -0.0008095444645732641, -0.0007719026179984212, -0.0007342607714235783, -0.0006966189248487353, -0.0006589770782738924, -0.0006213352316990495, -0.0005836933851242065, -0.0005460515385493636, -0.0005084096919745207, -0.00047076784539967775, -0.0004331259988248348, -0.0003954841522499919, -0.00035784230567514896, -0.00032020045910030603, -0.0002825586125254631, -0.0002449167659506202, -0.00020727491937577724, -0.00016963307280093431, -0.00013199122622609138, -9.434937965124846e-05, -5.6707533076405525e-05, -1.9065686501562595e-05, 1.8576160073280334e-05, 5.6218006648123264e-05, 9.38598532229662e-05, 0.00013150169979780912, 0.00016914366278797388, 0.0002067855093628168, 0.00024442735593765974, 0.00028206920251250267, 0.0003197110490873456, 0.00035735289566218853, 0.00039499474223703146, 0.0004326365888118744, 0.0004702784353867173, 0.0005079202819615602, 0.0005455621285364032, 0.0005832039751112461, 0.000620845821686089, 0.000658487668260932, 0.0006961295148357749, 0.0007337713614106178, 0.0007714132079854608, 0.0008090550545603037, 0.0008466969011351466, 0.0008843387477099895, 0.0009219805942848325, 0.0009596224408596754, 0.0009972642874345183, 0.0010349061340093613, 0.0010725479805842042, 0.0011101898271590471, 0.00114783167373389, 0.001185473520308733, 0.001223115366883576, 0.0012607572134584188, 0.0012983990600332618, 0.0013360409066081047, 0.0013736827531829476]}, "gradients/graph_1model.embedding_user.weight": {"_type": "histogram", "values": [2.0, 3.0, 2.0, 5.0, 6.0, 2.0, 8.0, 11.0, 22.0, 34.0, 49.0, 84.0, 126.0, 164.0, 278.0, 429.0, 681.0, 964.0, 1325.0, 1934.0, 2710.0, 3767.0, 4993.0, 6369.0, 8345.0, 12826.0, 108200.0, 1600267.0, 111700.0, 13198.0, 8444.0, 6423.0, 4890.0, 3634.0, 2710.0, 1880.0, 1408.0, 942.0, 688.0, 473.0, 323.0, 204.0, 136.0, 67.0, 59.0, 35.0, 22.0, 20.0, 17.0, 9.0, 5.0, 7.0, 7.0, 1.0, 1.0, 1.0, 1.0, 0.0, 0.0, 0.0, 0.0, 0.0, 0.0, 1.0], "bins": [-0.0010353955440223217, -0.0009977536974474788, -0.0009601118508726358, -0.0009224700042977929, -0.00088482815772295, -0.000847186311148107, -0.0008095444645732641, -0.0007719026179984212, -0.0007342607714235783, -0.0006966189248487353, -0.0006589770782738924, -0.0006213352316990495, -0.0005836933851242065, -0.0005460515385493636, -0.0005084096919745207, -0.00047076784539967775, -0.0004331259988248348, -0.0003954841522499919, -0.00035784230567514896, -0.00032020045910030603, -0.0002825586125254631, -0.0002449167659506202, -0.00020727491937577724, -0.00016963307280093431, -0.00013199122622609138, -9.434937965124846e-05, -5.6707533076405525e-05, -1.9065686501562595e-05, 1.8576160073280334e-05, 5.6218006648123264e-05, 9.38598532229662e-05, 0.00013150169979780912, 0.00016914366278797388, 0.0002067855093628168, 0.00024442735593765974, 0.00028206920251250267, 0.0003197110490873456, 0.00035735289566218853, 0.00039499474223703146, 0.0004326365888118744, 0.0004702784353867173, 0.0005079202819615602, 0.0005455621285364032, 0.0005832039751112461, 0.000620845821686089, 0.000658487668260932, 0.0006961295148357749, 0.0007337713614106178, 0.0007714132079854608, 0.0008090550545603037, 0.0008466969011351466, 0.0008843387477099895, 0.0009219805942848325, 0.0009596224408596754, 0.0009972642874345183, 0.0010349061340093613, 0.0010725479805842042, 0.0011101898271590471, 0.00114783167373389, 0.001185473520308733, 0.001223115366883576, 0.0012607572134584188, 0.0012983990600332618, 0.0013360409066081047, 0.0013736827531829476]}, "gradients/embedding_item.weight": {"_type": "histogram", "values": [2.0, 1.0, 0.0, 2.0, 0.0, 6.0, 3.0, 3.0, 19.0, 20.0, 31.0, 38.0, 54.0, 82.0, 129.0, 170.0, 260.0, 408.0, 527.0, 752.0, 1019.0, 1545.0, 1871.0, 2575.0, 3454.0, 4389.0, 5583.0, 6833.0, 7877.0, 9339.0, 102288.0, 2416221.0, 14213.0, 8958.0, 7451.0, 6237.0, 4962.0, 3937.0, 3006.0, 2296.0, 1750.0, 1287.0, 931.0, 665.0, 514.0, 342.0, 223.0, 175.0, 111.0, 67.0, 58.0, 30.0, 25.0, 16.0, 7.0, 3.0, 10.0, 1.0, 2.0, 3.0, 1.0, 1.0, 0.0, 1.0], "bins": [-0.0015910649672150612, -0.0015402307035401464, -0.0014893965562805533, -0.0014385622926056385, -0.0013877281453460455, -0.0013368938816711307, -0.0012860596179962158, -0.0012352254707366228, -0.0011843913234770298, -0.001133557059802115, -0.001082722912542522, -0.0010318886488676071, -0.000981054501608014, -0.0009302202379330993, -0.0008793860324658453, -0.0008285518269985914, -0.0007777175633236766, -0.0007268833578564227, -0.0006760491523891687, -0.0006252148887142539, -0.0005743807414546609, -0.0005235464777797461, -0.00047271227231249213, -0.0004218780668452382, -0.0003710438613779843, -0.00032020965591073036, -0.00026937545044347644, -0.00021854121587239206, -0.00016770701040513813, -0.00011687280493788421, -6.603857036679983e-05, -1.5204364899545908e-05, 3.5629840567708015e-05, 8.646405331091955e-05, 0.0001372982660541311, 0.00018813248607330024, 0.00023896669154055417, 0.0002898008970078081, 0.00034063513157889247, 0.0003914693370461464, 0.0004423035425134003, 0.0004931377479806542, 0.0005439719534479082, 0.0005948061589151621, 0.0006456404225900769, 0.0006964745698496699, 0.0007473088335245848, 0.0007981430389918387, 0.0008489772444590926, 0.0008998114499263465, 0.0009506456553936005, 0.0010014799190685153, 0.0010523140663281083, 0.0011031483300030231, 0.0011539824772626162, 0.001204816740937531, 0.0012556510046124458, 0.0013064852682873607, 0.0013573194155469537, 0.0014081536792218685, 0.0014589878264814615, 0.0015098220901563764, 0.0015606563538312912, 0.0016114905010908842, 0.0016623246483504772]}, "gradients/graph_1model.embedding_item.weight": {"_type": "histogram",