{"best test recall": 0.03072368636109283, "yelp2018/recall@20": 0.03055787817345594, "yelp2018/ndcg@20": 0.024897695184039177, "_timestamp": 1686027312.0932846, "_runtime": 952.82976770401, "_step": 11, "_wandb": {"runtime": 1003}}