{"yelp2018/loss": 0.1305504334436742, "_timestamp": 1686292455.162308, "_runtime": 242.87899804115295, "_step": 71, "best test recall": 0.03798775511433346, "yelp2018/recall@20": 0.03798775511433346, "yelp2018/ndcg@20": 0.03081105111273235, "yelp2018/precision@20": 0.017535051155740812, "yelp2018/groups/recall_group_1@20": 0.0, "yelp2018/groups/recall_group_2@20": 0.0, "yelp2018/groups/recall_group_3@20": 0.0, "yelp2018/groups/recall_group_4@20": 0.0, "yelp2018/groups/recall_group_5@20": 0.0, "yelp2018/groups/recall_group_6@20": 1.0431891589527055e-05, "yelp2018/groups/recall_group_7@20": 0.0001659896020922925, "yelp2018/groups/recall_group_8@20": 0.00020094035270212457, "yelp2018/groups/recall_group_9@20": 0.0011562592387805626, "yelp2018/groups/recall_group_10@20": 0.03645413402916898, "_wandb": {"runtime": 266}}