{"custom_epoch": 114, "_timestamp": 1687500725.2642622, "_runtime": 5193.041341304779, "_step": 2852, "yelp2018/loss": 4.4862301933844355, "yelp2018/training_time": 58.65134596824646, "best test recall": 0.07111994282321532, "yelp2018/recall@20": 0.07065608750318338, "yelp2018/ndcg@20": 0.058096857085905895, "yelp2018/precision@20": 0.03193602374636857, "yelp2018/groups/recall_group_1@20": 0.0007092682396093775, "yelp2018/groups/recall_group_2@20": 0.000296444536635808, "yelp2018/groups/recall_group_3@20": 0.0002613125119662907, "yelp2018/groups/recall_group_4@20": 0.00035486972322667815, "yelp2018/groups/recall_group_5@20": 0.00046187928203558185, "yelp2018/groups/recall_group_6@20": 0.0007955056811042163, "yelp2018/groups/recall_group_7@20": 0.0015699522916999202, "yelp2018/groups/recall_group_8@20": 0.0030563168133667163, "yelp2018/groups/recall_group_9@20": 0.007215717428469756, "yelp2018/groups/recall_group_10@20": 0.05593482099506903, "yelp2018/recall@40": 0.11632026408849254, "yelp2018/ndcg@40": 0.0752552606407091, "yelp2018/precision@40": 0.026514936213212072, "yelp2018/groups/recall_group_1@40": 0.0016237570467600273, "yelp2018/groups/recall_group_2@40": 0.0008841226588627793, "yelp2018/groups/recall_group_3@40": 0.0008093679452059199, "yelp2018/groups/recall_group_4@40": 0.001065009761634725, "yelp2018/groups/recall_group_5@40": 0.0013791379316090077, "yelp2018/groups/recall_group_6@40": 0.00210294645119088, "yelp2018/groups/recall_group_7@40": 0.0036048362123464353, "yelp2018/groups/recall_group_8@40": 0.006582573240469902, "yelp2018/groups/recall_group_9@40": 0.014476721563344263, "yelp2018/groups/recall_group_10@40": 0.0837917912770686, "gradients/graph_1MLP_model.linear_out.bias": {"_type": "histogram", "values": [0.0, 0.0, 0.0, 0.0, 0.0, 0.0, 0.0, 0.0, 0.0, 0.0, 0.0, 0.0, 0.0, 0.0, 0.0, 0.0, 0.0, 0.0, 0.0, 0.0, 0.0, 0.0, 0.0, 0.0, 0.0, 0.0, 0.0, 0.0, 0.0, 0.0, 0.0, 0.0, 1.0, 0.0, 0.0, 0.0, 0.0, 0.0, 0.0, 0.0, 0.0, 0.0, 0.0, 0.0, 0.0, 0.0, 0.0, 0.0, 0.0, 0.0, 0.0, 0.0, 0.0, 0.0, 0.0, 0.0, 0.0, 0.0, 0.0, 0.0, 0.0, 0.0, 0.0, 0.0], "bins": [0.0, 0.0, 0.0, 0.0, 0.0, 0.0, 0.0, 0.0, 0.0, 0.0, 0.0, 0.0, 0.0, 0.0, 0.0, 0.0, 0.0, 0.0, 0.0, 0.0, 0.0, 0.0, 0.0, 0.0, 0.0, 0.0, 0.0, 0.0, 0.0, 0.0, 0.0, 0.0, 0.0, 0.0, 0.0, 0.0, 0.0, 0.0, 0.0, 0.0, 0.0, 0.0, 0.0, 0.0, 0.0, 0.0, 0.0, 0.0, 0.0, 0.0, 0.0, 0.0, 0.0, 0.0, 0.0, 0.0, 0.0, 0.0, 0.0, 0.0, 0.0, 0.0, 0.0, 0.0, 0.0]}, "gradients/graph_1MLP_model.linear_out.weight": {"_type": "histogram", "values": [0.0, 0.0, 0.0, 0.0, 0.0, 0.0, 0.0, 0.0, 0.0, 0.0, 0.0, 0.0, 0.0, 0.0, 0.0, 0.0, 0.0, 0.0, 0.0, 0.0, 0.0, 0.0, 0.0, 0.0, 0.0, 0.0, 0.0, 0.0, 0.0, 0.0, 0.0, 0.0, 20.0, 0.0, 0.0, 0.0, 0.0, 0.0, 0.0, 0.0, 0.0, 0.0, 0.0, 0.0, 0.0, 0.0, 0.0, 0.0, 0.0, 0.0, 0.0, 0.0, 0.0, 0.0, 0.0, 0.0, 0.0, 0.0, 0.0, 0.0, 0.0, 0.0, 0.0, 0.0], "bins": [0.0, 0.0, 0.0, 0.0, 0.0, 0.0, 0.0, 0.0, 0.0, 0.0, 0.0, 0.0, 0.0, 0.0, 0.0, 0.0, 0.0, 0.0, 0.0, 0.0, 0.0, 0.0, 0.0, 0.0, 0.0, 0.0, 0.0, 0.0, 0.0, 0.0, 0.0, 0.0, 0.0, 0.0, 0.0, 0.0, 0.0, 0.0, 0.0, 0.0, 0.0, 0.0, 0.0, 0.0, 0.0, 0.0, 0.0, 0.0, 0.0, 0.0, 0.0, 0.0, 0.0, 0.0, 0.0, 0.0, 0.0, 0.0, 0.0, 0.0, 0.0, 0.0, 0.0, 0.0, 0.0]}, "gradients/graph_1MLP_model.linear.bias": {"_type": "histogram", "values": [0.0, 0.0, 0.0, 0.0, 0.0, 0.0, 0.0, 0.0, 0.0, 0.0, 0.0, 0.0, 0.0, 0.0, 0.0, 0.0, 0.0, 0.0, 0.0, 0.0, 0.0, 0.0, 0.0, 0.0, 0.0, 0.0, 0.0, 0.0, 0.0, 0.0, 0.0, 0.0, 20.0, 0.0, 0.0, 0.0, 0.0, 0.0, 0.0, 0.0, 0.0, 0.0, 0.0, 0.0, 0.0, 0.0, 0.0, 0.0, 0.0, 0.0, 0.0, 0.0, 0.0, 0.0, 0.0, 0.0, 0.0, 0.0, 0.0, 0.0, 0.0, 0.0, 0.0, 0.0], "bins": [0.0, 0.0, 0.0, 0.0, 0.0, 0.0, 0.0, 0.0, 0.0, 0.0, 0.0, 0.0, 0.0, 0.0, 0.0, 0.0, 0.0, 0.0, 0.0, 0.0, 0.0, 0.0, 0.0, 0.0, 0.0, 0.0, 0.0, 0.0, 0.0, 0.0, 0.0, 0.0, 0.0, 0.0, 0.0, 0.0, 0.0, 0.0, 0.0, 0.0, 0.0, 0.0, 0.0, 0.0, 0.0, 0.0, 0.0, 0.0, 0.0, 0.0, 0.0, 0.0, 0.0, 0.0, 0.0, 0.0, 0.0, 0.0, 0.0, 0.0, 0.0, 0.0, 0.0, 0.0, 0.0]}, "gradients/graph_1MLP_model.linear.weight": {"_type": "histogram", "values": [0.0, 0.0, 0.0, 0.0, 0.0, 0.0, 0.0, 0.0, 0.0, 0.0, 0.0, 0.0, 0.0, 0.0, 0.0, 0.0, 0.0, 0.0, 0.0, 0.0, 0.0, 0.0, 0.0, 0.0, 0.0, 0.0, 0.0, 0.0, 0.0, 0.0, 0.0, 0.0, 100.0, 0.0, 0.0, 0.0, 0.0, 0.0, 0.0, 0.0, 0.0, 0.0, 0.0, 0.0, 0.0, 0.0, 0.0, 0.0, 0.0, 0.0, 0.0, 0.0, 0.0, 0.0, 0.0, 0.0, 0.0, 0.0, 0.0, 0.0, 0.0, 0.0, 0.0, 0.0], "bins": [0.0, 0.0, 0.0, 0.0, 0.0, 0.0, 0.0, 0.0, 0.0, 0.0, 0.0, 0.0, 0.0, 0.0, 0.0, 0.0, 0.0, 0.0, 0.0, 0.0, 0.0, 0.0, 0.0, 0.0, 0.0, 0.0, 0.0, 0.0, 0.0, 0.0, 0.0, 0.0, 0.0, 0.0, 0.0, 0.0, 0.0, 0.0, 0.0, 0.0, 0.0, 0.0, 0.0, 0.0, 0.0, 0.0, 0.0, 0.0, 0.0, 0.0, 0.0, 0.0, 0.0, 0.0, 0.0, 0.0, 0.0, 0.0, 0.0, 0.0, 0.0, 0.0, 0.0, 0.0, 0.0]}, "gradients/embedding_user.weight": {"_type": "histogram", "values": [1.0, 0.0, 0.0, 0.0, 0.0, 0.0, 1.0, 1.0, 0.0, 1.0, 1.0, 2.0, 3.0, 4.0, 9.0, 8.0, 28.0, 36.0, 66.0, 114.0, 187.0, 315.0, 584.0, 932.0, 1474.0, 2366.0, 3823.0, 5533.0, 7976.0, 10482.0, 14152.0, 1002012.0, 928943.0, 13724.0, 10518.0, 7983.0, 5596.0, 3683.0, 2413.0, 1548.0, 892.0, 546.0, 339.0, 189.0, 117.0, 59.0, 33.0, 21.0, 13.0, 5.0, 5.0, 5.0, 2.0, 1.0, 0.0, 0.0, 1.0, 1.0, 0.0, 1.0, 1.0, 0.0, 0.0, 2.0], "bins": [-0.0014696401776745915, -0.0014237039722502232, -0.0013777677668258548, -0.0013318315614014864, -0.0012858952395617962, -0.0012399590341374278, -0.0011940228287130594, -0.001148086623288691, -0.0011021504178643227, -0.0010562142124399543, -0.001010278007015586, -0.0009643417433835566, -0.0009184054797515273, -0.0008724692743271589, -0.0008265330689027905, -0.0007805968634784222, -0.000734660541638732, -0.0006887243362143636, -0.0006427880725823343, -0.0005968518671579659, -0.0005509156035259366, -0.0005049793981015682, -0.00045904319267719984, -0.000413106958149001, -0.00036717072362080216, -0.0003212344890926033, -0.0002752982545644045, -0.0002293620491400361, -0.00018342581461183727, -0.00013748958008363843, -9.155337465927005e-05, -4.561714013107121e-05, 3.190943971276283e-07, 4.625532164936885e-05, 9.219154890161008e-05, 0.00013812776887789369, 0.00018406400340609252, 0.00023000023793429136, 0.00027593644335865974, 0.0003218726778868586, 0.0003678089124150574, 0.00041374514694325626, 0.0004596813814714551, 0.0005056175868958235, 0.0005515537923201919, 0.0005974900559522212, 0.0006434262613765895, 0.0006893625250086188, 0.0007352987304329872, 0.0007812349358573556, 0.0008271711994893849, 0.0008731074049137533, 0.0009190436685457826, 0.000964979873970151, 0.0010109160793945193, 0.0010568522848188877, 0.001102788606658578, 0.0011487248120829463, 0.0011946610175073147, 0.0012405973393470049, 0.0012865335447713733, 0.0013324697501957417, 0.00137840595562011, 0.0014243421610444784, 0.0014702783664688468]}, "gradients/graph_1model.embedding_user.weight": {"_type": "histogram", "values": [1.0, 0.0, 0.0, 0.0, 0.0, 0.0, 1.0, 1.0, 0.0, 1.0, 1.0, 2.0, 3.0, 4.0, 9.0, 8.0, 28.0, 36.0, 66.0, 114.0, 187.0, 315.0, 584.0, 932.0, 1474.0, 2366.0, 3823.0, 5533.0, 7976.0, 10482.0, 14152.0, 1002012.0, 928943.0, 13724.0, 10518.0, 7983.0, 5596.0, 3683.0, 2413.0, 1548.0, 892.0, 546.0, 339.0, 189.0, 117.0, 59.0, 33.0, 21.0, 13.0, 5.0, 5.0, 5.0, 2.0, 1.0, 0.0, 0.0, 1.0, 1.0, 0.0, 1.0, 1.0, 0.0, 0.0, 2.0],