{"custom_epoch": 2, "_timestamp": 1687506930.7386997, "_runtime": 157.13243556022644, "_step": 52, "yelp2018/loss": 5.281200116043848, "yelp2018/training_time": 58.491684436798096, "best test recall": 0.05225391347015649, "yelp2018/recall@20": 0.05225391347015649, "yelp2018/ndcg@20": 0.04280705958442872, "yelp2018/precision@20": 0.02402425161045851, "yelp2018/groups/recall_group_1@20": 1.4046181312455024e-05, "yelp2018/groups/recall_group_2@20": 3.8881821517289494e-05, "yelp2018/groups/recall_group_3@20": 5.34994607480591e-05, "yelp2018/groups/recall_group_4@20": 0.00014653181093271528, "yelp2018/groups/recall_group_5@20": 0.00021411118352429847, "yelp2018/groups/recall_group_6@20": 0.0004416793803558954, "yelp2018/groups/recall_group_7@20": 0.0006648290831106551, "yelp2018/groups/recall_group_8@20": 0.001844450048554391, "yelp2018/groups/recall_group_9@20": 0.0056603190188795685, "yelp2018/groups/recall_group_10@20": 0.04317556548122115, "yelp2018/recall@40": 0.08665527373494067, "yelp2018/ndcg@40": 0.05572425704489619, "yelp2018/precision@40": 0.02000599974737906, "yelp2018/groups/recall_group_1@40": 7.791611086636462e-05, "yelp2018/groups/recall_group_2@40": 0.00012153627374910267, "yelp2018/groups/recall_group_3@40": 0.00017508156514013857, "yelp2018/groups/recall_group_4@40": 0.00039746877139266014, "yelp2018/groups/recall_group_5@40": 0.0005880838675060856, "yelp2018/groups/recall_group_6@40": 0.0011406185481858011, "yelp2018/groups/recall_group_7@40": 0.0017982964265097034, "yelp2018/groups/recall_group_8@40": 0.00435438579485032, "yelp2018/groups/recall_group_9@40": 0.011147665705552513, "yelp2018/groups/recall_group_10@40": 0.06685422067118797, "MLP(pop_item)": {"_type": "image-file", "sha256": "a9f21191c4a3f260bda1d52051cdd3e100bdc4cb473147b34f1e36e1ccc1690f", "size": 10061, "path": "media/images/MLP(pop_item)_25_a9f21191c4a3f260bda1.png", "format": "png", "width": 640, "height": 480, "caption": "epoch:0"}, "MLP(centroid)": {"_type": "image-file", "sha256": "d2feb33c02ef04e5c27598a0ad1979530ed70434d99f7676f13b7775d5edfad4", "size": 18565, "path": "media/images/MLP(centroid)_26_d2feb33c02ef04e5c275.png", "format": "png", "width": 640, "height": 480, "caption": "epoch:0"}, "gradients/graph_1MLP_model.linear_out.bias": {"_type": "histogram", "values": [0.0, 0.0, 0.0, 0.0, 0.0, 0.0, 0.0, 0.0, 0.0, 0.0, 0.0, 0.0, 0.0, 0.0, 0.0, 0.0, 0.0, 0.0, 0.0, 0.0, 0.0, 0.0, 0.0, 0.0, 0.0, 0.0, 0.0, 0.0, 0.0, 0.0, 0.0, 0.0, 1.0, 0.0, 0.0, 0.0, 0.0, 0.0, 0.0, 0.0, 0.0, 0.0, 0.0, 0.0, 0.0, 0.0, 0.0, 0.0, 0.0, 0.0, 0.0, 0.0, 0.0, 0.0, 0.0, 0.0, 0.0, 0.0, 0.0, 0.0, 0.0, 0.0, 0.0, 0.0], "bins": [-0.005390420090407133, -0.005390420090407133, -0.005390420090407133, -0.005390420090407133, -0.005390420090407133, -0.005390420090407133, -0.005390420090407133, -0.005390420090407133, -0.005390420090407133, -0.005390420090407133, -0.005390420090407133, -0.005390420090407133, -0.005390420090407133, -0.005390420090407133, -0.005390420090407133, -0.005390420090407133, -0.005390420090407133, -0.005390420090407133, -0.005390420090407133, -0.005390420090407133, -0.005390420090407133, -0.005390420090407133, -0.005390420090407133, -0.005390420090407133, -0.005390420090407133, -0.005390420090407133, -0.005390420090407133, -0.005390420090407133, -0.005390420090407133, -0.005390420090407133, -0.005390420090407133, -0.005390420090407133, -0.005390420090407133, -0.005390420090407133, -0.005390420090407133, -0.005390420090407133, -0.005390420090407133, -0.005390420090407133, -0.005390420090407133, -0.005390420090407133, -0.005390420090407133, -0.005390420090407133, -0.005390420090407133, -0.005390420090407133, -0.005390420090407133, -0.005390420090407133, -0.005390420090407133, -0.005390420090407133, -0.005390420090407133, -0.005390420090407133, -0.005390420090407133, -0.005390420090407133, -0.005390420090407133, -0.005390420090407133, -0.005390420090407133, -0.005390420090407133, -0.005390420090407133, -0.005390420090407133, -0.005390420090407133, -0.005390420090407133, -0.005390420090407133, -0.005390420090407133, -0.005390420090407133, -0.005390420090407133, -0.005390420090407133]}, "gradients/graph_1MLP_model.linear_out.weight": {"_type": "histogram", "values": [1.0, 0.0, 0.0, 0.0, 0.0, 0.0, 0.0, 0.0, 0.0, 0.0, 0.0, 0.0, 0.0, 1.0, 0.0, 0.0, 0.0, 1.0, 1.0, 1.0, 0.0, 0.0, 0.0, 0.0, 1.0, 0.0, 1.0, 1.0, 1.0, 0.0, 1.0, 0.0, 0.0, 1.0, 0.0, 1.0, 1.0, 0.0, 0.0, 0.0, 0.0, 0.0, 0.0, 0.0, 0.0, 0.0, 0.0, 0.0, 0.0, 0.0, 0.0, 0.0, 0.0, 0.0, 0.0, 0.0, 0.0, 0.0, 0.0, 0.0, 0.0, 1.0, 0.0, 6.0], "bins": [-0.017848558723926544, -0.01756967417895794, -0.017290791496634483, -0.01701190695166588, -0.016733024269342422, -0.016454139724373817, -0.01617525704205036, -0.015896372497081757, -0.015617488883435726, -0.015338605269789696, -0.015059721656143665, -0.014780838042497635, -0.01450195349752903, -0.014223069883883, -0.013944186270236969, -0.013665302656590939, -0.013386419042944908, -0.013107535429298878, -0.012828651815652847, -0.012549768202006817, -0.012270884588360786, -0.011992000043392181, -0.011713116429746151, -0.01143423281610012, -0.01115534920245409, -0.01087646558880806, -0.01059758197516203, -0.010318698361515999, -0.010039813816547394, -0.009760930202901363, -0.009482046589255333, -0.009203162975609303, -0.008924279361963272, -0.008645395748317242, -0.008366512134671211, -0.00808762852102518, -0.007808744441717863, -0.007529860828071833, -0.007250976748764515, -0.0069720931351184845, -0.006693209521472454, -0.006414325907826424, -0.006135442294180393, -0.0058565582148730755, -0.005577674601227045, -0.005298790987581015, -0.005019906908273697, -0.0047410232946276665, -0.004462139680981636, -0.004183256067335606, -0.0039043722208589315, -0.0036254883743822575, -0.003346604760736227, -0.0030677211470901966, -0.0027888373006135225, -0.0025099534541368484, -0.002231069840490818, -0.0019521861104294658, -0.0016733023803681135, -0.0013944186503067613, -0.001115534920245409, -0.0008366511901840568, -0.0005577674601227045, -0.00027888373006135225, 0.0]}, "gradients/graph_1MLP_model.linear.bias": {"_type": "histogram", "values": [1.0, 0.0, 0.0, 0.0, 0.0, 0.0, 0.0, 0.0, 0.0, 0.0, 0.0, 0.0, 0.0, 0.0, 0.0, 0.0, 0.0, 0.0, 1.0, 0.0, 0.0, 0.0, 0.0, 0.0, 0.0, 0.0, 0.0, 0.0, 1.0, 1.0, 0.0, 0.0, 0.0, 0.0, 0.0, 0.0, 0.0, 0.0, 1.0, 0.0, 1.0, 0.0, 1.0, 1.0, 2.0, 0.0, 0.0, 1.0, 0.0, 0.0, 0.0, 2.0, 0.0, 0.0, 0.0, 0.0, 0.0, 0.0, 0.0, 0.0, 0.0, 0.0, 0.0, 7.0], "bins": [-0.005051438696682453, -0.004971315152943134, -0.004891191143542528, -0.004811067599803209, -0.0047309440560638905, -0.004650820512324572, -0.0045706965029239655, -0.004490572959184647, -0.004410449415445328, -0.004330325871706009, -0.004250201862305403, -0.004170078318566084, -0.004089954774826765, -0.004009831231087446, -0.00392970722168684, -0.003849583677947521, -0.0037694599013775587, -0.003689336124807596, -0.0036092125810682774, -0.003529088804498315, -0.003448965260758996, -0.0033688414841890335, -0.0032887179404497147, -0.003208594163879752, -0.0031284703873097897, -0.003048346610739827, -0.0029682230670005083, -0.002888099290430546, -0.002807975746691227, -0.0027278519701212645, -0.0026477284263819456, -0.002567604649811983, -0.0024874808732420206, -0.002407357096672058, -0.0023272335529327393, -0.0022471097763627768, -0.002166986232623458, -0.0020868624560534954, -0.0020067389123141766, -0.001926615135744214, -0.0018464915920048952, -0.0017663679318502545, -0.0016862442716956139, -0.0016061206115409732, -0.0015259969513863325, -0.00144587317481637, -0.0013657495146617293, -0.0012856258545070887, -0.0012055020779371262, -0.0011253784177824855, -0.0010452547576278448, -0.0009651310392655432, -0.0008850073791109025, -0.0008048837189562619, -0.0007247600005939603, -0.0006446363404393196, -0.0005645127384923398, -0.0004843890783376992, -0.00040426538907922804, -0.0003241416998207569, -0.00024401803966611624, -0.00016389437951147556, -8.377069025300443e-05, -3.6470009945333004e-06, 7.647665916010737e-05]},