{"custom_epoch": 0, "_timestamp": 1686897695.362802, "_runtime": 22.231466054916382, "_step": 0, "_wandb": {"runtime": 124}}