{"yelp2018/loss": 0.11876000336907952, "_timestamp": 1686292913.4799001, "_runtime": 321.2983820438385, "_step": 95, "best test recall": 0.03980276066249081, "yelp2018/recall@20": 0.03980276066249081, "yelp2018/ndcg@20": 0.0321892308096137, "yelp2018/precision@20": 0.018409751168371857, "yelp2018/groups/recall_group_1@20": 0.0, "yelp2018/groups/recall_group_2@20": 0.0, "yelp2018/groups/recall_group_3@20": 0.0, "yelp2018/groups/recall_group_4@20": 0.0, "yelp2018/groups/recall_group_5@20": 0.0, "yelp2018/groups/recall_group_6@20": 1.74859437364174e-05, "yelp2018/groups/recall_group_7@20": 0.00016824514621975782, "yelp2018/groups/recall_group_8@20": 0.0002191193912983931, "yelp2018/groups/recall_group_9@20": 0.0010788507695774093, "yelp2018/groups/recall_group_10@20": 0.03831905941165885, "_wandb": {"runtime": 337}}