{"best test recall": 0.07113869654960549, "yelp2018/recall@20": 0.07023161818025003, "yelp2018/ndcg@20": 0.05796193300086216, "_timestamp": 1686108065.9938323, "_runtime": 8371.153989315033, "_step": 194, "_wandb": {"runtime": 8399}}