{"custom_epoch": 6, "_timestamp": 1686294077.1768153, "_runtime": 242.93165922164917, "_step": 84, "yelp2018/loss": 0.13285528920245487, "best test recall": 0.037401414834320794, "yelp2018/recall@20": 0.037401414834320794, "yelp2018/ndcg@20": 0.03037773492695393, "yelp2018/precision@20": 0.017282430213464695, "yelp2018/groups/recall_group_1@20": 0.0, "yelp2018/groups/recall_group_2@20": 0.0, "yelp2018/groups/recall_group_3@20": 0.0, "yelp2018/groups/recall_group_4@20": 0.0, "yelp2018/groups/recall_group_5@20": 3.157761778451434e-06, "yelp2018/groups/recall_group_6@20": 1.0605394983947467e-05, "yelp2018/groups/recall_group_7@20": 0.00014934869875188182, "yelp2018/groups/recall_group_8@20": 0.00021225566574157556, "yelp2018/groups/recall_group_9@20": 0.0011314886016674317, "yelp2018/groups/recall_group_10@20": 0.0358945587113975, "yelp2018/time_cost_s": 36.818854093551636, "_wandb": {"runtime": 244}}