{"best test recall": 0.06986210420706737, "yelp2018/recall@20": 0.06930800878826784, "yelp2018/ndcg@20": 0.05713175515040214, "_timestamp": 1686078417.2130587, "_runtime": 14469.867688655853, "_step": 190, "_wandb": {"runtime": 14548}}