{"custom_epoch": 0, "_timestamp": 1686896922.4570634, "_runtime": 23.522376537322998, "_step": 0, "_wandb": {"runtime": 158}}