{"custom_epoch": 9, "_timestamp": 1687509229.9629874, "_runtime": 610.010011434555, "_step": 234, "yelp2018/loss": 4.598433455884062, "yelp2018/training_time": 58.43058133125305, "best test recall": 0.06629800071061813, "yelp2018/recall@20": 0.06629800071061813, "yelp2018/ndcg@20": 0.055057210843175025, "yelp2018/precision@20": 0.029774535809018565, "yelp2018/groups/recall_group_1@20": 0.0005796243477203508, "yelp2018/groups/recall_group_2@20": 0.0004755817408306384, "yelp2018/groups/recall_group_3@20": 0.0004122892827143668, "yelp2018/groups/recall_group_4@20": 0.0006756775521046858, "yelp2018/groups/recall_group_5@20": 0.0010678855841748597, "yelp2018/groups/recall_group_6@20": 0.001760737566953178, "yelp2018/groups/recall_group_7@20": 0.002641194824940087, "yelp2018/groups/recall_group_8@20": 0.004549995175521712, "yelp2018/groups/recall_group_9@20": 0.009120932774106444, "yelp2018/groups/recall_group_10@20": 0.04501408186155179, "yelp2018/recall@40": 0.10843306478754304, "yelp2018/ndcg@40": 0.07092088443020848, "yelp2018/precision@40": 0.024549229506126053, "yelp2018/groups/recall_group_1@40": 0.0013420978763839014, "yelp2018/groups/recall_group_2@40": 0.0012042356140032908, "yelp2018/groups/recall_group_3@40": 0.0010759792536989567, "yelp2018/groups/recall_group_4@40": 0.0015861898474385078, "yelp2018/groups/recall_group_5@40": 0.0021845613314214604, "yelp2018/groups/recall_group_6@40": 0.003633120590998912, "yelp2018/groups/recall_group_7@40": 0.005234473760132673, "yelp2018/groups/recall_group_8@40": 0.008642680647963906, "yelp2018/groups/recall_group_9@40": 0.016469705050203585, "yelp2018/groups/recall_group_10@40": 0.06706002081529784, "MLP(pop_item)": {"_type": "image-file", "sha256": "f616c447663a0a51cdf95504ff4afce9bb7c2756cdfe07bc488d860062de69cc", "size": 20147, "path": "media/images/MLP(pop_item)_181_f616c447663a0a51cdf9.png", "format": "png", "width": 640, "height": 480, "caption": "epoch:6"}, "MLP(centroid)": {"_type": "image-file", "sha256": "4fcc6448621b3b816d742f446cf3bfa38fe9b7d0e9e4cbaf458e31fd2e8f3fd5", "size": 18560, "path": "media/images/MLP(centroid)_182_4fcc6448621b3b816d74.png", "format": "png", "width": 640, "height": 480, "caption": "epoch:6"}, "Hist(pos_weight)": {"_type": "image-file", "sha256": "8fcaa1f469364295900ba88252ce2f1b4bfc04d4bede4833a898b985f595df54", "size": 11573, "path": "media/images/Hist(pos_weight)_183_8fcaa1f469364295900b.png", "format": "png", "width": 640, "height": 480, "caption": "epoch:6"}, "gradients/graph_1MLP_model.linear_out.bias": {"_type": "histogram", "values": [0.0, 0.0, 0.0, 0.0, 0.0, 0.0, 0.0, 0.0, 0.0, 0.0, 0.0, 0.0, 0.0, 0.0, 0.0, 0.0, 0.0, 0.0, 0.0, 0.0, 0.0, 0.0, 0.0, 0.0, 0.0, 0.0, 0.0, 0.0, 0.0, 0.0, 0.0, 0.0, 1.0, 0.0, 0.0, 0.0, 0.0, 0.0, 0.0, 0.0, 0.0, 0.0, 0.0, 0.0, 0.0, 0.0, 0.0, 0.0, 0.0, 0.0, 0.0, 0.0, 0.0, 0.0, 0.0, 0.0, 0.0, 0.0, 0.0, 0.0, 0.0, 0.0, 0.0, 0.0], "bins": [-0.00021505981567315757, -0.00021505981567315757, -0.00021505981567315757, -0.00021505981567315757, -0.00021505981567315757, -0.00021505981567315757, -0.00021505981567315757, -0.00021505981567315757, -0.00021505981567315757, -0.00021505981567315757, -0.00021505981567315757, -0.00021505981567315757, -0.00021505981567315757, -0.00021505981567315757, -0.00021505981567315757, -0.00021505981567315757, -0.00021505981567315757, -0.00021505981567315757, -0.00021505981567315757, -0.00021505981567315757, -0.00021505981567315757, -0.00021505981567315757, -0.00021505981567315757, -0.00021505981567315757, -0.00021505981567315757, -0.00021505981567315757, -0.00021505981567315757, -0.00021505981567315757, -0.00021505981567315757, -0.00021505981567315757, -0.00021505981567315757, -0.00021505981567315757, -0.00021505981567315757, -0.00021505981567315757, -0.00021505981567315757, -0.00021505981567315757, -0.00021505981567315757, -0.00021505981567315757, -0.00021505981567315757, -0.00021505981567315757, -0.00021505981567315757, -0.00021505981567315757, -0.00021505981567315757, -0.00021505981567315757, -0.00021505981567315757, -0.00021505981567315757, -0.00021505981567315757, -0.00021505981567315757, -0.00021505981567315757, -0.00021505981567315757, -0.00021505981567315757, -0.00021505981567315757, -0.00021505981567315757, -0.00021505981567315757, -0.00021505981567315757, -0.00021505981567315757, -0.00021505981567315757, -0.00021505981567315757, -0.00021505981567315757, -0.00021505981567315757, -0.00021505981567315757, -0.00021505981567315757, -0.00021505981567315757, -0.00021505981567315757, -0.00021505981567315757]}, "gradients/graph_1MLP_model.linear_out.weight": {"_type": "histogram", "values": [1.0, 0.0, 0.0, 0.0, 0.0, 0.0, 0.0, 0.0, 0.0, 0.0, 0.0, 0.0, 0.0, 0.0, 0.0, 0.0, 0.0, 0.0, 0.0, 0.0, 0.0, 0.0, 0.0, 0.0, 0.0, 0.0, 0.0, 0.0, 0.0, 0.0, 0.0, 0.0, 0.0, 1.0, 0.0, 0.0, 0.0, 4.0, 1.0, 0.0, 1.0, 0.0, 0.0, 0.0, 0.0, 2.0, 1.0, 1.0, 0.0, 0.0, 0.0, 1.0, 0.0, 0.0, 0.0, 0.0, 0.0, 0.0, 0.0, 1.0, 0.0, 0.0, 0.0, 6.0], "bins": [-0.0007489589042961597, -0.0007372564286924899, -0.00072555395308882, -0.0007138514774851501, -0.0007021490018814802, -0.0006904464680701494, -0.0006787439924664795, -0.0006670415168628097, -0.0006553390412591398, -0.0006436365656554699, -0.0006319340900518, -0.0006202316144481301, -0.0006085290806367993, -0.0005968266050331295, -0.0005851241294294596, -0.0005734216538257897, -0.0005617191782221198, -0.0005500167026184499, -0.00053831422701478, -0.0005266117514111102, -0.0005149092758074403, -0.0005032067419961095, -0.0004915042663924396, -0.0004798017907887697, -0.00046809931518509984, -0.00045639683958142996, -0.0004446943639777601, -0.00043299185927025974, -0.00042128938366658986, -0.00040958690806292, -0.00039788440335541964, -0.00038618192775174975, -0.00037447945214807987, -0.00036277697654441, -0.0003510745009407401, -0.00033937199623323977, -0.0003276695206295699, -0.0003159670450259, -0.00030426454031839967, -0.0002925620647147298, -0.0002808595891110599, -0.00026915711350739, -0.00025745463790372014, -0.0002457521331962198, -0.00023404965759254992, -0.00022234718198888004, -0.00021064469183329493, -0.00019894220167770982, -0.00018723972607403994, -0.00017553725047037005, -0.00016383476031478494, -0.00015213227015919983, -0.00014042979455552995, -0.00012872731895186007, -0.00011702482879627496, -0.00010532234591664746, -9.361986303701997e-05, -8.191738015739247e-05, -7.021489727776498e-05, -5.851241439813748e-05, -4.6809931518509984e-05, -3.510744863888249e-05, -2.3404965759254992e-05, -1.1702482879627496e-05, 0.0]}, "gradients/graph_1MLP_model.linear.bias": {"_type": "histogram", "values": [1.0, 0.0, 0.0, 0.0, 0.0, 0.0, 0.0, 0.0, 0.0, 0.0, 0.0, 0.0, 0.0, 0.0, 0.0, 0.0, 0.0, 0.0, 0.0, 0.0, 0.0, 0.0, 0.0, 0.0, 0.0, 0.0, 0.0, 0.0, 1.0, 0.0, 0.0, 0.0, 0.0, 0.0, 0.0, 0.0, 0.0, 0.0, 1.0, 1.0, 0.0, 0.0, 0.0, 0.0, 0.0, 0.0, 2.0, 0.0, 0.0, 1.0, 3.0, 0.0, 1.0, 0.0, 0.0, 2.0, 0.0, 0.0, 0.0, 0.0, 0.0, 0.0, 0.0, 7.0],