{"custom_epoch": 0, "_timestamp": 1687343824.6510453, "_runtime": 24.45431923866272, "_step": 0, "_wandb": {"runtime": 202}}