{"custom_epoch": 0, "_timestamp": 1687342744.4355795, "_runtime": 21.207945585250854, "_step": 0, "_wandb": {"runtime": 20}}