{"custom_epoch": 125, "_timestamp": 1687517548.1451042, "_runtime": 8093.863707065582, "_step": 3127, "yelp2018/loss": 4.483837358209471, "yelp2018/training_time": 20.686583280563354, "best test recall": 0.07129766159133136, "yelp2018/recall@20": 0.07118859429923985, "yelp2018/ndcg@20": 0.05843434378186921, "yelp2018/precision@20": 0.03222653782998611, "yelp2018/groups/recall_group_1@20": 0.0006548264581790313, "yelp2018/groups/recall_group_2@20": 0.00027199867905947035, "yelp2018/groups/recall_group_3@20": 0.0002294923108158161, "yelp2018/groups/recall_group_4@20": 0.000321572323320977, "yelp2018/groups/recall_group_5@20": 0.0004606366294664786, "yelp2018/groups/recall_group_6@20": 0.0007048264842836196, "yelp2018/groups/recall_group_7@20": 0.0016124257840269259, "yelp2018/groups/recall_group_8@20": 0.0031058741365854363, "yelp2018/groups/recall_group_9@20": 0.007309046001608838, "yelp2018/groups/recall_group_10@20": 0.05651789549189327, "yelp2018/recall@40": 0.11622599767618663, "yelp2018/ndcg@40": 0.07530361628375853, "yelp2018/precision@40": 0.026506252368321336, "yelp2018/groups/recall_group_1@40": 0.0015437722781696153, "yelp2018/groups/recall_group_2@40": 0.0008623422352347441, "yelp2018/groups/recall_group_3@40": 0.0007032410791586043, "yelp2018/groups/recall_group_4@40": 0.0009812155043734943, "yelp2018/groups/recall_group_5@40": 0.001358606417406409, "yelp2018/groups/recall_group_6@40": 0.0021311770063310114, "yelp2018/groups/recall_group_7@40": 0.003568953226035413, "yelp2018/groups/recall_group_8@40": 0.006630961650064107, "yelp2018/groups/recall_group_9@40": 0.014140062513451438, "yelp2018/groups/recall_group_10@40": 0.08430566576596182, "gradients/graph_1MLP_model.linear_out.bias": {"_type": "histogram", "values": [0.0, 0.0, 0.0, 0.0, 0.0, 0.0, 0.0, 0.0, 0.0, 0.0, 0.0, 0.0, 0.0, 0.0, 0.0, 0.0, 0.0, 0.0, 0.0, 0.0, 0.0, 0.0, 0.0, 0.0, 0.0, 0.0, 0.0, 0.0, 0.0, 0.0, 0.0, 0.0, 1.0, 0.0, 0.0, 0.0, 0.0, 0.0, 0.0, 0.0, 0.0, 0.0, 0.0, 0.0, 0.0, 0.0, 0.0, 0.0, 0.0, 0.0, 0.0, 0.0, 0.0, 0.0, 0.0, 0.0, 0.0, 0.0, 0.0, 0.0, 0.0, 0.0, 0.0, 0.0], "bins": [0.0, 0.0, 0.0, 0.0, 0.0, 0.0, 0.0, 0.0, 0.0, 0.0, 0.0, 0.0, 0.0, 0.0, 0.0, 0.0, 0.0, 0.0, 0.0, 0.0, 0.0, 0.0, 0.0, 0.0, 0.0, 0.0, 0.0, 0.0, 0.0, 0.0, 0.0, 0.0, 0.0, 0.0, 0.0, 0.0, 0.0, 0.0, 0.0, 0.0, 0.0, 0.0, 0.0, 0.0, 0.0, 0.0, 0.0, 0.0, 0.0, 0.0, 0.0, 0.0, 0.0, 0.0, 0.0, 0.0, 0.0, 0.0, 0.0, 0.0, 0.0, 0.0, 0.0, 0.0, 0.0]}, "gradients/graph_1MLP_model.linear_out.weight": {"_type": "histogram", "values": [0.0, 0.0, 0.0, 0.0, 0.0, 0.0, 0.0, 0.0, 0.0, 0.0, 0.0, 0.0, 0.0, 0.0, 0.0, 0.0, 0.0, 0.0, 0.0, 0.0, 0.0, 0.0, 0.0, 0.0, 0.0, 0.0, 0.0, 0.0, 0.0, 0.0, 0.0, 0.0, 20.0, 0.0, 0.0, 0.0, 0.0, 0.0, 0.0, 0.0, 0.0, 0.0, 0.0, 0.0, 0.0, 0.0, 0.0, 0.0, 0.0, 0.0, 0.0, 0.0, 0.0, 0.0, 0.0, 0.0, 0.0, 0.0, 0.0, 0.0, 0.0, 0.0, 0.0, 0.0], "bins": [0.0, 0.0, 0.0, 0.0, 0.0, 0.0, 0.0, 0.0, 0.0, 0.0, 0.0, 0.0, 0.0, 0.0, 0.0, 0.0, 0.0, 0.0, 0.0, 0.0, 0.0, 0.0, 0.0, 0.0, 0.0, 0.0, 0.0, 0.0, 0.0, 0.0, 0.0, 0.0, 0.0, 0.0, 0.0, 0.0, 0.0, 0.0, 0.0, 0.0, 0.0, 0.0, 0.0, 0.0, 0.0, 0.0, 0.0, 0.0, 0.0, 0.0, 0.0, 0.0, 0.0, 0.0, 0.0, 0.0, 0.0, 0.0, 0.0, 0.0, 0.0, 0.0, 0.0, 0.0, 0.0]}, "gradients/graph_1MLP_model.linear.bias": {"_type": "histogram", "values": [0.0, 0.0, 0.0, 0.0, 0.0, 0.0, 0.0, 0.0, 0.0, 0.0, 0.0, 0.0, 0.0, 0.0, 0.0, 0.0, 0.0, 0.0, 0.0, 0.0, 0.0, 0.0, 0.0, 0.0, 0.0, 0.0, 0.0, 0.0, 0.0, 0.0, 0.0, 0.0, 20.0, 0.0, 0.0, 0.0, 0.0, 0.0, 0.0, 0.0, 0.0, 0.0, 0.0, 0.0, 0.0, 0.0, 0.0, 0.0, 0.0, 0.0, 0.0, 0.0, 0.0, 0.0, 0.0, 0.0, 0.0, 0.0, 0.0, 0.0, 0.0, 0.0, 0.0, 0.0], "bins": [0.0, 0.0, 0.0, 0.0, 0.0, 0.0, 0.0, 0.0, 0.0, 0.0, 0.0, 0.0, 0.0, 0.0, 0.0, 0.0, 0.0, 0.0, 0.0, 0.0, 0.0, 0.0, 0.0, 0.0, 0.0, 0.0, 0.0, 0.0, 0.0, 0.0, 0.0, 0.0, 0.0, 0.0, 0.0, 0.0, 0.0, 0.0, 0.0, 0.0, 0.0, 0.0, 0.0, 0.0, 0.0, 0.0, 0.0, 0.0, 0.0, 0.0, 0.0, 0.0, 0.0, 0.0, 0.0, 0.0, 0.0, 0.0, 0.0, 0.0, 0.0, 0.0, 0.0, 0.0, 0.0]}, "gradients/graph_1MLP_model.linear.weight": {"_type": "histogram", "values": [0.0, 0.0, 0.0, 0.0, 0.0, 0.0, 0.0, 0.0, 0.0, 0.0, 0.0, 0.0, 0.0, 0.0, 0.0, 0.0, 0.0, 0.0, 0.0, 0.0, 0.0, 0.0, 0.0, 0.0, 0.0, 0.0, 0.0, 0.0, 0.0, 0.0, 0.0, 0.0, 100.0, 0.0, 0.0, 0.0, 0.0, 0.0, 0.0, 0.0, 0.0, 0.0, 0.0, 0.0, 0.0, 0.0, 0.0, 0.0, 0.0, 0.0, 0.0, 0.0, 0.0, 0.0, 0.0, 0.0, 0.0, 0.0, 0.0, 0.0, 0.0, 0.0, 0.0, 0.0], "bins": [0.0, 0.0, 0.0, 0.0, 0.0, 0.0, 0.0, 0.0, 0.0, 0.0, 0.0, 0.0, 0.0, 0.0, 0.0, 0.0, 0.0, 0.0, 0.0, 0.0, 0.0, 0.0, 0.0, 0.0, 0.0, 0.0, 0.0, 0.0, 0.0, 0.0, 0.0, 0.0, 0.0, 0.0, 0.0, 0.0, 0.0, 0.0, 0.0, 0.0, 0.0, 0.0, 0.0, 0.0, 0.0, 0.0, 0.0, 0.0, 0.0, 0.0, 0.0, 0.0, 0.0, 0.0, 0.0, 0.0, 0.0, 0.0, 0.0, 0.0, 0.0, 0.0, 0.0, 0.0, 0.0]}, "gradients/embedding_user.weight": {"_type": "histogram", "values": [1.0, 0.0, 0.0, 2.0, 2.0, 8.0, 7.0, 10.0, 11.0, 21.0, 29.0, 37.0, 67.0, 85.0, 146.0, 173.0, 271.0, 394.0, 588.0, 819.0, 1168.0, 1777.0, 2388.0, 3187.0, 4161.0, 5321.0, 6751.0, 8364.0, 9837.0, 65436.0, 1759374.0, 109562.0, 10194.0, 8282.0, 6892.0, 5511.0, 4422.0, 3231.0, 2352.0, 1820.0, 1245.0, 903.0, 641.0, 383.0, 322.0, 176.0, 120.0, 82.0, 52.0, 44.0, 32.0, 18.0, 8.0, 8.0, 5.0, 6.0, 1.0, 1.0, 0.0, 2.0, 0.0, 0.0, 0.0, 2.0], "bins": [-0.0010212694760411978, -0.0009878481505438685, -0.0009544269414618611, -0.0009210056159645319, -0.0008875843486748636, -0.0008541630813851953, -0.000820741755887866, -0.0007873204885981977, -0.0007538992213085294, -0.0007204779540188611, -0.0006870566867291927, -0.0006536353612318635, -0.0006202140939421952, -0.0005867928266525269, -0.0005533715011551976, -0.0005199502338655293, -0.000486528966575861, -0.00045310769928619266, -0.0004196864028926939, -0.0003862651064991951, -0.0003528438392095268, -0.00031942257191985846, -0.0002860012755263597, -0.0002525799791328609, -0.00021915871184319258, -0.00018573743000160903, -0.00015231614816002548, -0.00011889486631844193, -8.547358447685838e-05, -5.205230263527483e-05, -1.8631020793691278e-05, 1.4790261047892272e-05, 4.821165930479765e-05, 8.16329411463812e-05, 0.00011505422298796475, 0.0001484755048295483, 0.00018189678667113185, 0.0002153180685127154, 0.00024873935035429895, 0.00028216064674779773, 0.00031558191403746605, 0.00034900318132713437, 0.00038242447772063315, 0.00041584577411413193, 0.00044926704140380025, 0.00048268830869346857, 0.0005161096341907978, 0.0005495309014804661, 0.0005829521687701344, 0.0006163734360598028, 0.0006497947033494711, 0.0006832160288468003, 0.0007166372961364686, 0.000750058563426137, 0.0007834798889234662, 0.0008169011562131345, 0.0008503224235028028, 0.0008837436907924712, 0.0009171649580821395, 0.0009505862835794687, 0.0009840074926614761, 0.0010174288181588054, 0.0010508501436561346, 0.001084271352738142, 0.0011176926782354712]}, "gradients/graph_1model.embedding_user.weight": {"_type": "histogram", "values": [1.0, 0.0, 0.0, 2.0, 2.0, 8.0, 7.0, 10.0, 11.0, 21.0, 29.0, 37.0, 67.0, 85.0, 146.0, 173.0, 271.0, 394.0, 588.0, 819.0, 1168.0, 1777.0, 2388.0, 3187.0, 4161.0, 5321.0, 6751.0, 8364.0, 9837.0, 65436.0, 1759374.0, 109562.0, 10194.0, 8282.0, 6892.0, 5511.0, 4422.0, 3231.0, 2352.0, 1820.0, 1245.0, 903.0, 641.0, 383.0, 322.0, 176.0, 120.0, 82.0, 52.0, 44.0, 32.0, 18.0, 8.0, 8.0, 5.0, 6.0, 1.0, 1.0, 0.0, 2.0, 0.0, 0.0, 0.0, 2.0],