{"custom_epoch": 53, "_timestamp": 1689343173.438991, "_runtime": 3851.6351070404053, "_step": 1327, "yelp2018/loss": 3.6904985529697494, "yelp2018/training_time": 59.50389552116394, "best test recall": 0.05265572092809491, "yelp2018/recall@20": 0.03205599873420786, "yelp2018/ndcg@20": 0.026164002903672868, "yelp2018/precision@20": 0.014746747505368194, "yelp2018/groups/recall_group_1@20": 0.003435733016697432, "yelp2018/groups/recall_group_2@20": 0.0026266482258956022, "yelp2018/groups/recall_group_3@20": 0.0026357761739204478, "yelp2018/groups/recall_group_4@20": 0.002777141085117124, "yelp2018/groups/recall_group_5@20": 0.0034735482151959526, "yelp2018/groups/recall_group_6@20": 0.004475494013463482, "yelp2018/groups/recall_group_7@20": 0.004651437122804648, "yelp2018/groups/recall_group_8@20": 0.00470461378272716, "yelp2018/groups/recall_group_9@20": 0.003272449336607564, "yelp2018/groups/recall_group_10@20": 3.157761778451434e-06, "yelp2018/recall@40": 0.05382169040842857, "yelp2018/ndcg@40": 0.03452432604528955, "yelp2018/precision@40": 0.01253631426045219, "yelp2018/groups/recall_group_1@40": 0.006195686670066403, "yelp2018/groups/recall_group_2@40": 0.004348996946698707, "yelp2018/groups/recall_group_3@40": 0.0041985773183406735, "yelp2018/groups/recall_group_4@40": 0.004361850412139298, "yelp2018/groups/recall_group_5@40": 0.0056436392028324425, "yelp2018/groups/recall_group_6@40": 0.0072485055094889585, "yelp2018/groups/recall_group_7@40": 0.007520925549484622, "yelp2018/groups/recall_group_8@40": 0.007946686090674674, "yelp2018/groups/recall_group_9@40": 0.00633662691359226, "yelp2018/groups/recall_group_10@40": 2.0195795110535543e-05, "gradients/embedding_user.weight": {"_type": "histogram", "values": [1.0, 0.0, 0.0, 0.0, 2.0, 0.0, 0.0, 0.0, 3.0, 0.0, 5.0, 4.0, 8.0, 18.0, 20.0, 28.0, 47.0, 75.0, 115.0, 194.0, 238.0, 370.0, 487.0, 774.0, 1057.0, 1422.0, 2067.0, 2887.0, 3787.0, 5099.0, 6801.0, 8801.0, 10608.0, 147089.0, 1735519.0, 56638.0, 10184.0, 8303.0, 6386.0, 4908.0, 3653.0, 2646.0, 1941.0, 1400.0, 1000.0, 679.0, 486.0, 312.0, 225.0, 150.0, 83.0, 85.0, 44.0, 24.0, 26.0, 17.0, 15.0, 6.0, 1.0, 6.0, 2.0, 4.0, 1.0, 1.0], "bins": [-0.0011244923807680607, -0.0010918165789917111, -0.0010591406608000398, -0.0010264648590236902, -0.0009937889408320189, -0.0009611131390556693, -0.0009284373372793198, -0.0008957614772953093, -0.0008630856173112988, -0.0008304097573272884, -0.0007977338973432779, -0.0007650580955669284, -0.0007323822355829179, -0.0006997063755989075, -0.0006670305738225579, -0.0006343547138385475, -0.000601678853854537, -0.0005690029938705266, -0.0005363271338865161, -0.0005036513321101665, -0.0004709754721261561, -0.00043829961214214563, -0.00040562378126196563, -0.00037294795038178563, -0.0003402720903977752, -0.0003075962304137647, -0.0002749203995335847, -0.00024224455410148948, -0.00020956870866939425, -0.00017689286323729903, -0.0001442170178052038, -0.00011154117237310857, -7.886544335633516e-05, -4.6189597924239933e-05, -1.3513752492144704e-05, 1.9162092939950526e-05, 5.1837938372045755e-05, 8.451378380414099e-05, 0.00011718962923623621, 0.00014986547466833144, 0.00018254132010042667, 0.0002152171655325219, 0.00024789301096461713, 0.00028056884184479713, 0.0003132447018288076, 0.00034592056181281805, 0.00037859639269299805, 0.00041127222357317805, 0.0004439480835571885, 0.00047662394354119897, 0.0005092998035252094, 0.000541975605301559, 0.0005746514652855694, 0.0006073273252695799, 0.0006400031270459294, 0.0006726789870299399, 0.0007053548470139503, 0.0007380307069979608, 0.0007707065669819713, 0.0008033823687583208, 0.0008360582287423313, 0.0008687340887263417, 0.0009014098905026913, 0.0009340857504867017, 0.0009667616104707122]}, "gradients/graph_1model.embedding_user.weight": {"_type": "histogram", "values": [1.0, 0.0, 0.0, 0.0, 2.0, 0.0, 0.0, 0.0, 3.0, 0.0, 5.0, 4.0, 8.0, 18.0, 20.0, 28.0, 47.0, 75.0, 115.0, 194.0, 238.0, 370.0, 487.0, 774.0, 1057.0, 1422.0, 2067.0, 2887.0, 3787.0, 5099.0, 6801.0, 8801.0, 10608.0, 147089.0, 1735519.0, 56638.0, 10184.0, 8303.0, 6386.0, 4908.0, 3653.0, 2646.0, 1941.0, 1400.0, 1000.0, 679.0, 486.0, 312.0, 225.0, 150.0, 83.0, 85.0, 44.0, 24.0, 26.0, 17.0, 15.0, 6.0, 1.0, 6.0, 2.0, 4.0, 1.0, 1.0], "bins": [-0.0011244923807680607, -0.0010918165789917111, -0.0010591406608000398, -0.0010264648590236902, -0.0009937889408320189, -0.0009611131390556693, -0.0009284373372793198, -0.0008957614772953093, -0.0008630856173112988, -0.0008304097573272884, -0.0007977338973432779, -0.0007650580955669284, -0.0007323822355829179, -0.0006997063755989075, -0.0006670305738225579, -0.0006343547138385475, -0.000601678853854537, -0.0005690029938705266, -0.0005363271338865161, -0.0005036513321101665, -0.0004709754721261561, -0.00043829961214214563, -0.00040562378126196563, -0.00037294795038178563, -0.0003402720903977752, -0.0003075962304137647, -0.0002749203995335847, -0.00024224455410148948, -0.00020956870866939425, -0.00017689286323729903, -0.0001442170178052038, -0.00011154117237310857, -7.886544335633516e-05, -4.6189597924239933e-05, -1.3513752492144704e-05, 1.9162092939950526e-05, 5.1837938372045755e-05, 8.451378380414099e-05, 0.00011718962923623621, 0.00014986547466833144, 0.00018254132010042667, 0.0002152171655325219, 0.00024789301096461713, 0.00028056884184479713, 0.0003132447018288076, 0.00034592056181281805, 0.00037859639269299805, 0.00041127222357317805, 0.0004439480835571885, 0.00047662394354119897, 0.0005092998035252094, 0.000541975605301559, 0.0005746514652855694, 0.0006073273252695799, 0.0006400031270459294, 0.0006726789870299399, 0.0007053548470139503, 0.0007380307069979608, 0.0007707065669819713, 0.0008033823687583208, 0.0008360582287423313, 0.0008687340887263417, 0.0009014098905026913, 0.0009340857504867017, 0.0009667616104707122]}, "gradients/embedding_item.weight": {"_type": "histogram", "values": [1.0, 2.0, 0.0, 0.0, 0.0, 1.0, 6.0, 0.0, 6.0, 6.0, 8.0, 7.0, 17.0, 20.0, 15.0, 23.0, 53.0, 59.0, 85.0, 133.0, 211.0, 332.0, 575.0, 840.0, 1483.0, 2713.0, 5544.0, 14470.0, 40929.0, 2276101.0, 55743.0, 20313.0, 7386.0, 3444.0, 1825.0, 991.0, 641.0, 375.0, 244.0, 132.0, 100.0, 80.0, 42.0, 35.0, 17.0, 17.0, 12.0, 12.0, 6.0, 4.0, 4.0, 2.0, 5.0, 1.0, 0.0, 0.0, 0.0, 0.0, 0.0, 0.0, 0.0, 0.0, 0.0, 1.0], "bins": [-0.0025042486377060413, -0.0024198328610509634, -0.0023354170843958855, -0.002251001074910164, -0.002166585298255086, -0.002082169521600008, -0.00199775374494493, -0.0019133379682898521, -0.0018289220752194524, -0.0017445062985643744, -0.0016600904054939747, -0.0015756746288388968, -0.0014912588521838188, -0.001406842959113419, -0.0013224271824583411, -0.0012380112893879414, -0.0011535955127328634, -0.0010691797360777855, -0.0009847638430073857, -0.0009003480663523078, -0.000815932231489569, -0.0007315163966268301, -0.0006471006199717522, -0.0005626847851090133, -0.00047826895024627447, -0.0003938531153835356, -0.00030943730962462723, -0.00022502150386571884, -0.00014060566900298, -5.6189834140241146e-05, 2.8225942514836788e-05, 0.00011264177737757564, 0.00019705737940967083, 0.0002814732142724097, 0.00036588902003131807, 0.00045030482579022646, 0.0005347206606529653, 0.0006191364955157042, 0.0007035522721707821, 0.0007879681070335209, 0.0008723839418962598, 0.0009567997767589986, 0.0010412156116217375, 0.0011256313882768154, 0.0012100471649318933, 0.0012944630580022931, 0.001378878834657371, 0.0014632947277277708, 0.0015477105043828487, 0.0016321262810379267, 0.0017165421741083264, 0.0018009579507634044, 0.0018853738438338041, 0.001969789620488882, 0.00205420539714396, 0.002138621173799038, 0.0022230371832847595, 0.0023074529599398375, 0.0023918687365949154, 0.002476284746080637, 0.002560700522735715, 0.002645116299390793, 0.0027295320760458708, 0.0028139478527009487, 0.0028983636293560266]}, "gradients/graph_1model.embedding_item.weight": {"_type": "histogram",