{"best test recall": 0.06437444077358426, "yelp2018/recall@20": 0.05943915127053113, "yelp2018/ndcg@20": 0.04906052090586338, "_timestamp": 1686093268.5082183, "_runtime": 6275.595145225525, "_step": 44, "_wandb": {"runtime": 6420}}