{"best test recall": 0.003486232612981436, "yelp2018/recall@20": 0.003486232612981436, "yelp2018/ndcg@20": 0.0020212979769640284, "_timestamp": 1686041719.1917863, "_runtime": 305.0474133491516, "_step": 2, "_wandb": {"runtime": 305}}