{"best test recall": 0.06431771872076594, "yelp2018/recall@20": 0.060227944949786505, "yelp2018/ndcg@20": 0.049496525397807606, "_timestamp": 1686045529.3226523, "_runtime": 3490.293273448944, "_step": 44, "_wandb": {"runtime": 3546}}