{"custom_epoch": 0, "_timestamp": 1687344115.4146976, "_runtime": 19.906355619430542, "_step": 0, "_wandb": {"runtime": 19}}