{"custom_epoch": 3, "_timestamp": 1687504912.3536358, "_runtime": 262.9021587371826, "_step": 77, "yelp2018/loss": 5.003306603589595, "yelp2018/training_time": 58.877567291259766, "best test recall": 0.05763926328883367, "yelp2018/recall@20": 0.05763926328883367, "yelp2018/ndcg@20": 0.04753075467627481, "yelp2018/precision@20": 0.026166792977137802, "yelp2018/groups/recall_group_1@20": 6.37763918355104e-05, "yelp2018/groups/recall_group_2@20": 0.00012073509279608093, "yelp2018/groups/recall_group_3@20": 0.0001310342066760244, "yelp2018/groups/recall_group_4@20": 0.00029576014312263603, "yelp2018/groups/recall_group_5@20": 0.00044905586979489915, "yelp2018/groups/recall_group_6@20": 0.0007110668742250542, "yelp2018/groups/recall_group_7@20": 0.001114828992835559, "yelp2018/groups/recall_group_8@20": 0.002722252452030727, "yelp2018/groups/recall_group_9@20": 0.006856038558735826, "yelp2018/groups/recall_group_10@20": 0.045174714706781346, "yelp2018/recall@40": 0.0951513950625215, "yelp2018/ndcg@40": 0.06170672661559301, "yelp2018/precision@40": 0.021790924592648735, "yelp2018/groups/recall_group_1@40": 0.0002212728683391986, "yelp2018/groups/recall_group_2@40": 0.00029667998517176063, "yelp2018/groups/recall_group_3@40": 0.0003443084258059412, "yelp2018/groups/recall_group_4@40": 0.0006805006688260488, "yelp2018/groups/recall_group_5@40": 0.0010178014519197308, "yelp2018/groups/recall_group_6@40": 0.001814764747723278, "yelp2018/groups/recall_group_7@40": 0.002775217686928538, "yelp2018/groups/recall_group_8@40": 0.005798380744737161, "yelp2018/groups/recall_group_9@40": 0.01305681515303153, "yelp2018/groups/recall_group_10@40": 0.06914565333003832, "gradients/graph_1MLP_model.linear_out.bias": {"_type": "histogram", "values": [0.0, 0.0, 0.0, 0.0, 0.0, 0.0, 0.0, 0.0, 0.0, 0.0, 0.0, 0.0, 0.0, 0.0, 0.0, 0.0, 0.0, 0.0, 0.0, 0.0, 0.0, 0.0, 0.0, 0.0, 0.0, 0.0, 0.0, 0.0, 0.0, 0.0, 0.0, 0.0, 1.0, 0.0, 0.0, 0.0, 0.0, 0.0, 0.0, 0.0, 0.0, 0.0, 0.0, 0.0, 0.0, 0.0, 0.0, 0.0, 0.0, 0.0, 0.0, 0.0, 0.0, 0.0, 0.0, 0.0, 0.0, 0.0, 0.0, 0.0, 0.0, 0.0, 0.0, 0.0], "bins": [-0.00449330871924758, -0.00449330871924758, -0.00449330871924758, -0.00449330871924758, -0.00449330871924758, -0.00449330871924758, -0.00449330871924758, -0.00449330871924758, -0.00449330871924758, -0.00449330871924758, -0.00449330871924758, -0.00449330871924758, -0.00449330871924758, -0.00449330871924758, -0.00449330871924758, -0.00449330871924758, -0.00449330871924758, -0.00449330871924758, -0.00449330871924758, -0.00449330871924758, -0.00449330871924758, -0.00449330871924758, -0.00449330871924758, -0.00449330871924758, -0.00449330871924758, -0.00449330871924758, -0.00449330871924758, -0.00449330871924758, -0.00449330871924758, -0.00449330871924758, -0.00449330871924758, -0.00449330871924758, -0.00449330871924758, -0.00449330871924758, -0.00449330871924758, -0.00449330871924758, -0.00449330871924758, -0.00449330871924758, -0.00449330871924758, -0.00449330871924758, -0.00449330871924758, -0.00449330871924758, -0.00449330871924758, -0.00449330871924758, -0.00449330871924758, -0.00449330871924758, -0.00449330871924758, -0.00449330871924758, -0.00449330871924758, -0.00449330871924758, -0.00449330871924758, -0.00449330871924758, -0.00449330871924758, -0.00449330871924758, -0.00449330871924758, -0.00449330871924758, -0.00449330871924758, -0.00449330871924758, -0.00449330871924758, -0.00449330871924758, -0.00449330871924758, -0.00449330871924758, -0.00449330871924758, -0.00449330871924758, -0.00449330871924758]}, "gradients/graph_1MLP_model.linear_out.weight": {"_type": "histogram", "values": [1.0, 0.0, 0.0, 0.0, 0.0, 0.0, 0.0, 0.0, 0.0, 0.0, 0.0, 0.0, 0.0, 0.0, 0.0, 0.0, 1.0, 0.0, 0.0, 0.0, 2.0, 0.0, 1.0, 0.0, 0.0, 0.0, 1.0, 0.0, 1.0, 1.0, 0.0, 1.0, 1.0, 0.0, 0.0, 0.0, 0.0, 2.0, 0.0, 1.0, 0.0, 0.0, 0.0, 0.0, 0.0, 0.0, 0.0, 0.0, 0.0, 0.0, 0.0, 0.0, 0.0, 0.0, 0.0, 0.0, 0.0, 0.0, 0.0, 0.0, 0.0, 1.0, 0.0, 6.0], "bins": [-0.016271349042654037, -0.016017109155654907, -0.015762869268655777, -0.015508629381656647, -0.015254389494657516, -0.015000149607658386, -0.014745909720659256, -0.014491669833660126, -0.014237429946660995, -0.013983190059661865, -0.013728950172662735, -0.013474710285663605, -0.013220470398664474, -0.012966230511665344, -0.012711990624666214, -0.012457750737667084, -0.012203511781990528, -0.011949271894991398, -0.011695032007992268, -0.011440792120993137, -0.011186552233994007, -0.010932312346994877, -0.010678072459995747, -0.010423833504319191, -0.01016959361732006, -0.00991535373032093, -0.0096611138433218, -0.00940687395632267, -0.00915263406932354, -0.00889839418232441, -0.00864415429532528, -0.008389914408326149, -0.008135674521327019, -0.007881434634327888, -0.007627194747328758, -0.007372954860329628, -0.007118714973330498, -0.0068644750863313675, -0.0066102356649935246, -0.006355995777994394, -0.006101755890995264, -0.005847516003996134, -0.0055932761169970036, -0.005339036229997873, -0.00508479680866003, -0.0048305569216609, -0.00457631703466177, -0.00432207714766264, -0.004067837260663509, -0.003813597373664379, -0.003559357486665249, -0.0033051178324967623, -0.003050877945497632, -0.0027966380584985018, -0.002542398404330015, -0.002288158517330885, -0.0020339186303317547, -0.0017796787433326244, -0.001525438972748816, -0.0012711992021650076, -0.0010169593151658773, -0.0007627194281667471, -0.0005084796575829387, -0.00025423988699913025, 0.0]}, "gradients/graph_1MLP_model.linear.bias": {"_type": "histogram", "values": [1.0, 0.0, 0.0, 0.0, 0.0, 0.0, 0.0, 0.0, 0.0, 0.0, 0.0, 0.0, 0.0, 0.0, 0.0, 0.0, 0.0, 0.0, 0.0, 1.0, 0.0, 0.0, 0.0, 0.0, 0.0, 0.0, 0.0, 0.0, 0.0, 0.0, 1.0, 1.0, 0.0, 0.0, 0.0, 0.0, 0.0, 0.0, 1.0, 0.0, 0.0, 1.0, 0.0, 1.0, 2.0, 1.0, 0.0, 1.0, 0.0, 0.0, 0.0, 2.0, 0.0, 0.0, 0.0, 0.0, 0.0, 0.0, 0.0, 0.0, 0.0, 0.0, 0.0, 7.0], "bins": [-0.004344537854194641, -0.0042756907641887665, -0.0042068432085216045, -0.00413799611851573, -0.004069148562848568, -0.004000301472842693, -0.003931454382836819, -0.0038626068271696568, -0.003793759737163782, -0.003724912414327264, -0.0036560650914907455, -0.003587218001484871, -0.0035183706786483526, -0.0034495233558118343, -0.003380676032975316, -0.0033118287101387978, -0.0032429813873022795, -0.003174134064465761, -0.003105286741629243, -0.0030364396516233683, -0.00296759232878685, -0.0028987450059503317, -0.0028298976831138134, -0.002761050360277295, -0.002692203037440777, -0.0026233557146042585, -0.0025545083917677402, -0.0024856613017618656, -0.0024168139789253473, -0.002347966656088829, -0.0022791193332523108, -0.0022102720104157925, -0.0021414251532405615, -0.002072577830404043, -0.002003730507567525, -0.0019348833011463284, -0.001866036094725132, -0.0017971887718886137, -0.0017283414490520954, -0.0016594941262155771, -0.0015906469197943807, -0.0015217995969578624, -0.001452952390536666, -0.0013841050677001476, -0.0013152577448636293, -0.0012464105384424329, -0.0011775632156059146, -0.0011087160091847181, -0.0010398686863481998, -0.0009710214217193425, -0.0009021741570904851, -0.0008333268342539668, -0.0007644795696251094, -0.0006956323049962521, -0.0006267849821597338, -0.0005579377175308764, -0.0004890903946943581, -0.00042024313006550074, -0.0003513958363328129, -0.0002825485426001251, -0.0002137012779712677, -0.00014485401334241033, -7.60067196097225e-05, -7.159425877034664e-06, 6.168781692394987e-05]}, "gradients/graph_1MLP_model.linear.weight": {"_type": "histogram", "values": [1.0, 0.0, 0.0, 0.0, 0.0, 0.0, 0.0, 0.0, 1.0, 0.0, 0.0, 0.0, 0.0, 0.0, 0.0, 0.0, 0.0, 0.0, 0.0, 1.0, 0.0, 0.0, 0.0, 0.0, 0.0, 1.0, 0.0, 0.0, 0.0, 0.0, 1.0, 1.0, 0.0, 0.0, 1.0, 1.0, 0.0, 0.0, 1.0, 0.0, 0.0, 1.0, 1.0, 1.0, 3.0, 2.0, 2.0, 2.0, 0.0, 1.0, 1.0, 2.0, 1.0, 1.0, 1.0, 0.0, 2.0, 0.0, 2.0, 4.0, 3.0, 4.0, 22.0, 35.0],