{"custom_epoch": 1, "_timestamp": 1687503898.1832342, "_runtime": 155.63972926139832, "_step": 49, "yelp2018/loss": 5.282645751308921, "yelp2018/training_time": 58.55746412277222, "best test recall": 0.05207194073754614, "yelp2018/recall@20": 0.05207194073754614, "yelp2018/ndcg@20": 0.04288955501446152, "yelp2018/precision@20": 0.023860047997979025, "yelp2018/groups/recall_group_1@20": 1.1052166224580018e-05, "yelp2018/groups/recall_group_2@20": 3.7667586928670674e-05, "yelp2018/groups/recall_group_3@20": 6.242662332912356e-05, "yelp2018/groups/recall_group_4@20": 0.00013613533630020148, "yelp2018/groups/recall_group_5@20": 0.0002339483393615011, "yelp2018/groups/recall_group_6@20": 0.0003843280104116178, "yelp2018/groups/recall_group_7@20": 0.0006921325779752402, "yelp2018/groups/recall_group_8@20": 0.0018854285955482548, "yelp2018/groups/recall_group_9@20": 0.005443475737444914, "yelp2018/groups/recall_group_10@20": 0.043185345764022026, "yelp2018/recall@40": 0.08591357636988384, "yelp2018/ndcg@40": 0.055600837110046646, "yelp2018/precision@40": 0.019822060123784263, "yelp2018/groups/recall_group_1@40": 6.26243852844838e-05, "yelp2018/groups/recall_group_2@40": 0.0001128668563876278, "yelp2018/groups/recall_group_3@40": 0.000185397938830214, "yelp2018/groups/recall_group_4@40": 0.0004133903743829203, "yelp2018/groups/recall_group_5@40": 0.0006268764480837461, "yelp2018/groups/recall_group_6@40": 0.0011442521511875925, "yelp2018/groups/recall_group_7@40": 0.001827162219482266, "yelp2018/groups/recall_group_8@40": 0.004084868225303188, "yelp2018/groups/recall_group_9@40": 0.010703131078697177, "yelp2018/groups/recall_group_10@40": 0.06675300669224464, "gradients/graph_1MLP_model.linear_out.bias": {"_type": "histogram", "values": [0.0, 0.0, 0.0, 0.0, 0.0, 0.0, 0.0, 0.0, 0.0, 0.0, 0.0, 0.0, 0.0, 0.0, 0.0, 0.0, 0.0, 0.0, 0.0, 0.0, 0.0, 0.0, 0.0, 0.0, 0.0, 0.0, 0.0, 0.0, 0.0, 0.0, 0.0, 0.0, 1.0, 0.0, 0.0, 0.0, 0.0, 0.0, 0.0, 0.0, 0.0, 0.0, 0.0, 0.0, 0.0, 0.0, 0.0, 0.0, 0.0, 0.0, 0.0, 0.0, 0.0, 0.0, 0.0, 0.0, 0.0, 0.0, 0.0, 0.0, 0.0, 0.0, 0.0, 0.0], "bins": [-0.00503667164593935, -0.00503667164593935, -0.00503667164593935, -0.00503667164593935, -0.00503667164593935, -0.00503667164593935, -0.00503667164593935, -0.00503667164593935, -0.00503667164593935, -0.00503667164593935, -0.00503667164593935, -0.00503667164593935, -0.00503667164593935, -0.00503667164593935, -0.00503667164593935, -0.00503667164593935, -0.00503667164593935, -0.00503667164593935, -0.00503667164593935, -0.00503667164593935, -0.00503667164593935, -0.00503667164593935, -0.00503667164593935, -0.00503667164593935, -0.00503667164593935, -0.00503667164593935, -0.00503667164593935, -0.00503667164593935, -0.00503667164593935, -0.00503667164593935, -0.00503667164593935, -0.00503667164593935, -0.00503667164593935, -0.00503667164593935, -0.00503667164593935, -0.00503667164593935, -0.00503667164593935, -0.00503667164593935, -0.00503667164593935, -0.00503667164593935, -0.00503667164593935, -0.00503667164593935, -0.00503667164593935, -0.00503667164593935, -0.00503667164593935, -0.00503667164593935, -0.00503667164593935, -0.00503667164593935, -0.00503667164593935, -0.00503667164593935, -0.00503667164593935, -0.00503667164593935, -0.00503667164593935, -0.00503667164593935, -0.00503667164593935, -0.00503667164593935, -0.00503667164593935, -0.00503667164593935, -0.00503667164593935, -0.00503667164593935, -0.00503667164593935, -0.00503667164593935, -0.00503667164593935, -0.00503667164593935, -0.00503667164593935]}, "gradients/graph_1MLP_model.linear_out.weight": {"_type": "histogram", "values": [1.0, 0.0, 0.0, 0.0, 0.0, 0.0, 0.0, 0.0, 0.0, 0.0, 0.0, 0.0, 0.0, 1.0, 0.0, 0.0, 0.0, 1.0, 1.0, 0.0, 1.0, 0.0, 0.0, 0.0, 1.0, 0.0, 1.0, 1.0, 0.0, 1.0, 1.0, 0.0, 0.0, 0.0, 0.0, 2.0, 0.0, 0.0, 1.0, 0.0, 0.0, 0.0, 0.0, 0.0, 0.0, 0.0, 0.0, 0.0, 0.0, 0.0, 0.0, 0.0, 0.0, 0.0, 0.0, 0.0, 0.0, 0.0, 0.0, 0.0, 0.0, 0.0, 1.0, 6.0], "bins": [-0.01733340695500374, -0.01706257276237011, -0.01679173856973648, -0.016520904377102852, -0.016250068321824074, -0.015979234129190445, -0.015708399936556816, -0.015437565743923187, -0.015166731551289558, -0.01489589735865593, -0.014625062234699726, -0.014354228042066097, -0.014083393849432468, -0.013812558725476265, -0.013541724532842636, -0.013270890340209007, -0.013000055216252804, -0.012729221023619175, -0.012458385899662971, -0.012187551707029343, -0.011916717514395714, -0.011645883321762085, -0.011375048197805882, -0.011104214005172253, -0.01083337888121605, -0.01056254468858242, -0.010291709564626217, -0.010020875371992588, -0.00975004117935896, -0.009479206055402756, -0.009208371862769127, -0.008937537670135498, -0.00866670347750187, -0.00839586928486824, -0.008125034160912037, -0.007854199968278408, -0.007583365775644779, -0.007312531117349863, -0.007041696459054947, -0.006770862266421318, -0.006500027608126402, -0.006229192949831486, -0.005958358757197857, -0.005687524098902941, -0.005416689440608025, -0.005145855247974396, -0.00487502058967948, -0.0046041859313845634, -0.004333351738750935, -0.0040625170804560184, -0.0037916828878223896, -0.0035208482295274734, -0.003250013804063201, -0.0029791793785989285, -0.0027083447203040123, -0.00243751029483974, -0.0021666758693754673, -0.0018958414439111948, -0.0016250069020316005, -0.0013541723601520061, -0.0010833379346877337, -0.0008125035092234612, -0.0005416689673438668, -0.0002708344254642725, 0.0]}, "gradients/graph_1MLP_model.linear.bias": {"_type": "histogram", "values": [1.0, 0.0, 0.0, 0.0, 0.0, 0.0, 0.0, 0.0, 0.0, 0.0, 0.0, 0.0, 0.0, 0.0, 0.0, 0.0, 0.0, 0.0, 1.0, 0.0, 0.0, 0.0, 0.0, 0.0, 0.0, 0.0, 0.0, 0.0, 0.0, 0.0, 2.0, 0.0, 0.0, 0.0, 0.0, 0.0, 0.0, 0.0, 1.0, 0.0, 0.0, 1.0, 1.0, 1.0, 2.0, 0.0, 0.0, 1.0, 0.0, 0.0, 0.0, 2.0, 0.0, 0.0, 0.0, 0.0, 0.0, 0.0, 0.0, 0.0, 0.0, 0.0, 0.0, 7.0], "bins": [-0.00477611506357789, -0.00470048887655139, -0.004624862689524889, -0.004549236502498388, -0.004473610315471888, -0.004397984128445387, -0.004322357941418886, -0.0042467317543923855, -0.004171105567365885, -0.004095479380339384, -0.004019853193312883, -0.003944227006286383, -0.003868600819259882, -0.0037929746322333813, -0.0037173484452068806, -0.00364172225818038, -0.003566096071153879, -0.0034904698841273785, -0.0034148436971008778, -0.003339217510074377, -0.0032635913230478764, -0.0031879651360213757, -0.003112338948994875, -0.0030367127619683743, -0.00296108634211123, -0.002885460155084729, -0.0028098339680582285, -0.002734207781031728, -0.002658581594005227, -0.0025829554069787264, -0.0025073292199522257, -0.002431703032925725, -0.0023560768458992243, -0.0022804506588727236, -0.002204824471846223, -0.002129198284819722, -0.0020535720977932215, -0.0019779459107667208, -0.00190231972374022, -0.0018266935367137194, -0.0017510673496872187, -0.001675441162660718, -0.0015998149756342173, -0.0015241887886077166, -0.0014485626015812159, -0.0013729364145547152, -0.0012973102275282145, -0.0012216840405017138, -0.0011460577370598912, -0.0010704315500333905, -0.0009948053630068898, -0.0009191791759803891, -0.0008435529889538884, -0.0007679268019273877, -0.0006923005566932261, -0.0006166743696667254, -0.0005410481826402247, -0.000465421995613724, -0.0003897958085872233, -0.00031416959245689213, -0.00023854340543039143, -0.00016291721840389073, -8.729100227355957e-05, -1.1664815247058868e-05, 6.396134995156899e-05]}, "gradients/graph_1MLP_model.linear.weight": {"_type": "histogram", "values": [1.0, 0.0, 0.0, 0.0, 0.0, 0.0, 0.0, 0.0, 0.0, 0.0, 1.0, 0.0, 0.0, 0.0, 0.0, 0.0, 0.0, 0.0, 1.0, 0.0, 0.0, 0.0, 0.0, 0.0, 0.0, 1.0, 0.0, 0.0, 0.0, 0.0, 2.0, 0.0, 0.0, 0.0, 0.0, 2.0, 0.0, 0.0, 1.0, 0.0, 0.0, 1.0, 2.0, 1.0, 3.0, 0.0, 2.0, 3.0, 0.0, 0.0, 2.0, 2.0, 0.0, 3.0, 0.0, 0.0, 2.0, 0.0, 3.0, 4.0, 2.0, 3.0, 23.0, 35.0],