{"custom_epoch": 0, "_timestamp": 1687343773.3056657, "_runtime": 19.648155689239502, "_step": 0, "_wandb": {"runtime": 19}}