{"custom_epoch": 0, "_timestamp": 1687343496.9500763, "_runtime": 24.130322456359863, "_step": 0, "_wandb": {"runtime": 256}}