{"custom_epoch": 92, "_timestamp": 1687698406.413984, "_runtime": 1939.6585171222687, "_step": 2302, "gowalla/loss": 5.6324576969388165, "gowalla/training_time": 25.98929476737976, "best test recall": 0.18374399505905423, "gowalla/recall@20": 0.18141363365464105, "gowalla/ndcg@20": 0.15229942147540862, "gowalla/precision@20": 0.055701989416571764, "gowalla/groups/recall_group_1@20": 0.0021776063348809853, "gowalla/groups/recall_group_2@20": 0.0017923744572303315, "gowalla/groups/recall_group_3@20": 0.001745809428758689, "gowalla/groups/recall_group_4@20": 0.0020010834520179733, "gowalla/groups/recall_group_5@20": 0.0023167624220526346, "gowalla/groups/recall_group_6@20": 0.0033550250061842694, "gowalla/groups/recall_group_7@20": 0.0056439183784553395, "gowalla/groups/recall_group_8@20": 0.008242809240046538, "gowalla/groups/recall_group_9@20": 0.01738446237260251, "gowalla/groups/recall_group_10@20": 0.1367537825624118, "gowalla/recall@40": 0.25550292282186865, "gowalla/ndcg@40": 0.1757521727341515, "gowalla/precision@40": 0.03968785585102821, "gowalla/groups/recall_group_1@40": 0.005677681410507276, "gowalla/groups/recall_group_2@40": 0.004829121396483277, "gowalla/groups/recall_group_3@40": 0.004304365690434212, "gowalla/groups/recall_group_4@40": 0.004863298643412153, "gowalla/groups/recall_group_5@40": 0.005458924149624359, "gowalla/groups/recall_group_6@40": 0.007150238560021691, "gowalla/groups/recall_group_7@40": 0.010751754581814073, "gowalla/groups/recall_group_8@40": 0.014681020850817053, "gowalla/groups/recall_group_9@40": 0.02726820828865728, "gowalla/groups/recall_group_10@40": 0.17051830925009726, "gradients/embed_item_pop.weight": {"_type": "histogram", "values": [1.0, 1.0, 0.0, 1.0, 2.0, 0.0, 3.0, 2.0, 7.0, 5.0, 5.0, 5.0, 7.0, 12.0, 13.0, 21.0, 24.0, 28.0, 32.0, 40.0, 52.0, 73.0, 91.0, 145.0, 196.0, 273.0, 450.0, 656.0, 1036.0, 1807.0, 2692.0, 76521.0, 2246.0, 1468.0, 899.0, 574.0, 340.0, 231.0, 161.0, 104.0, 82.0, 77.0, 56.0, 40.0, 28.0, 28.0, 18.0, 15.0, 9.0, 9.0, 8.0, 7.0, 3.0, 3.0, 5.0, 3.0, 0.0, 3.0, 1.0, 1.0, 1.0, 1.0, 1.0, 1.0], "bins": [-0.0007102290401235223, -0.0006875289254821837, -0.0006648288108408451, -0.0006421286961995065, -0.0006194285815581679, -0.0005967284669168293, -0.0005740283522754908, -0.0005513281794264913, -0.0005286281229928136, -0.000505928008351475, -0.0004832278937101364, -0.0004605277790687978, -0.00043782766442745924, -0.00041512754978612065, -0.0003924274060409516, -0.000369727291399613, -0.000347027147654444, -0.0003243270330131054, -0.0003016269183717668, -0.0002789268037304282, -0.00025622668908908963, -0.00023352655989583582, -0.000210826430702582, -0.00018812631606124341, -0.00016542620141990483, -0.00014272608677856624, -0.00012002596486127004, -9.732584294397384e-05, -7.462572830263525e-05, -5.1925613661296666e-05, -2.922548446804285e-05, -6.525369826704264e-06, 1.617468660697341e-05, 3.8874804886290804e-05, 6.15749231656082e-05, 8.42750450829044e-05, 0.00010697515972424299, 0.00012967527436558157, 0.0001523754035588354, 0.00017507551820017397, 0.00019777563284151256, 0.00022047574748285115, 0.00024317586212418973, 0.0002658760058693588, 0.00028857612051069736, 0.00031127623515203595, 0.00033397634979337454, 0.0003566764644347131, 0.0003793765790760517, 0.0004020766937173903, 0.0004247768083587289, 0.00044747692300006747, 0.00047017703764140606, 0.0004928771522827446, 0.0005155772669240832, 0.0005382774397730827, 0.0005609774962067604, 0.000583677610848099, 0.0006063777254894376, 0.0006290778401307762, 0.0006517779547721148, 0.0006744780694134533, 0.0006971781840547919, 0.0007198783569037914, 0.00074257847154513]}, "gradients/embed_user_pop.weight": {"_type": "histogram", "values": [3.0, 0.0, 1.0, 1.0, 1.0, 0.0, 0.0, 0.0, 3.0, 3.0, 3.0, 6.0, 4.0, 14.0, 8.0, 19.0, 19.0, 24.0, 27.0, 38.0, 70.0, 85.0, 127.0, 147.0, 238.0, 306.0, 530.0, 900.0, 1600.0, 2614.0, 38726.0, 2458.0, 1464.0, 873.0, 494.0, 361.0, 214.0, 162.0, 109.0, 95.0, 50.0, 52.0, 29.0, 16.0, 19.0, 18.0, 8.0, 1.0, 3.0, 9.0, 5.0, 4.0, 3.0, 3.0, 0.0, 0.0, 0.0, 0.0, 0.0, 0.0, 0.0, 0.0, 0.0, 1.0], "bins": [-0.0008836061460897326, -0.0008545882301405072, -0.0008255703141912818, -0.0007965523982420564, -0.0007675344822928309, -0.0007385165663436055, -0.0007094986503943801, -0.0006804807344451547, -0.0006514628184959292, -0.0006224449025467038, -0.0005934269865974784, -0.000564409070648253, -0.0005353911546990275, -0.0005063732387498021, -0.0004773553228005767, -0.00044833740685135126, -0.00041931949090212584, -0.0003903015749529004, -0.000361283659003675, -0.00033226574305444956, -0.00030324782710522413, -0.0002742299111559987, -0.0002452119952067733, -0.00021619407925754786, -0.00018717616330832243, -0.000158158247359097, -0.00012914033140987158, -0.00010012241546064615, -7.110449951142073e-05, -4.20865835621953e-05, -1.3068667612969875e-05, 1.594924833625555e-05, 4.496710607782006e-05, 7.398502202704549e-05, 0.00010300293797627091, 0.00013202085392549634, 0.00016103876987472177, 0.0001900566858239472, 0.00021907460177317262, 0.00024809251772239804, 0.00027711043367162347, 0.0003061283496208489, 0.0003351462655700743, 0.00036416418151929975, 0.00039318209746852517, 0.0004222000134177506, 0.000451217929366976, 0.00048023584531620145, 0.0005092537612654269, 0.0005382716772146523, 0.0005672895931638777, 0.0005963075091131032, 0.0006253254250623286, 0.000654343341011554, 0.0006833612569607794, 0.0007123791729100049, 0.0007413970888592303, 0.0007704150048084557, 0.0007994329207576811, 0.0008284508367069066, 0.000857468752656132, 0.0008864866686053574, 0.0009155045845545828, 0.0009445225005038083, 0.0009735404164530337]}, "gradients/embedding_user.weight": {"_type": "histogram", "values": [1.0, 0.0, 0.0, 0.0, 2.0, 1.0, 1.0, 2.0, 0.0, 1.0, 3.0, 4.0, 10.0, 9.0, 11.0, 23.0, 40.0, 61.0, 79.0, 133.0, 184.0, 282.0, 460.0, 693.0, 907.0, 1424.0, 1859.0, 2640.0, 3401.0, 4681.0, 5974.0, 7696.0, 10799.0, 44993.0, 1337983.0, 424314.0, 24581.0, 9470.0, 7086.0, 5652.0, 4264.0, 3252.0, 2418.0, 1673.0, 1229.0, 801.0, 605.0, 391.0, 297.0, 180.0, 118.0, 80.0, 54.0, 33.0, 20.0, 10.0, 12.0, 2.0, 3.0, 3.0, 1.0, 1.0, 1.0, 4.0], "bins": [-0.0007257825345732272, -0.0007049627020023763, -0.0006841428112238646, -0.0006633229786530137, -0.0006425031460821629, -0.0006216832553036511, -0.0006008634227328002, -0.0005800435319542885, -0.0005592236993834376, -0.0005384038668125868, -0.000517583976034075, -0.0004967641434632242, -0.00047594428178854287, -0.00045512442011386156, -0.0004343045875430107, -0.0004134847258683294, -0.0003926648641936481, -0.0003718450025189668, -0.0003510251408442855, -0.00033020530827343464, -0.00030938544659875333, -0.00028856558492407203, -0.0002677457523532212, -0.00024692589067853987, -0.00022610602900385857, -0.00020528616732917726, -0.00018446632020641118, -0.0001636464730836451, -0.0001428266114089638, -0.00012200675701024011, -0.00010118690261151642, -8.036705548875034e-05, -5.9547252021729946e-05, -3.8727397623006254e-05, -1.7907543224282563e-05, 2.912311174441129e-06, 2.373216557316482e-05, 4.455201997188851e-05, 6.53718743706122e-05, 8.619172149337828e-05, 0.00010701158316805959, 0.0001278314448427409, 0.00014865129196550697, 0.00016947113908827305, 0.00019029100076295435, 0.00021111086243763566, 0.00023193070956040174, 0.0002527505566831678, 0.0002735704183578491, 0.0002943902800325304, 0.00031521014170721173, 0.0003360299742780626, 0.0003568498359527439, 0.0003776696976274252, 0.00039848953019827604, 0.00041930939187295735, 0.00044012925354763865, 0.00046094911522231996, 0.00048176897689700127, 0.0005025888094678521, 0.000523408642038703, 0.0005442285328172147, 0.0005650483653880656, 0.0005858682561665773, 0.0006066880887374282]}, "gradients/embedding_item.weight": {"_type": "histogram",