{"custom_epoch": 0, "_timestamp": 1686899135.4914107, "_runtime": 27.103903770446777, "_step": 0, "_wandb": {"runtime": 171}}