{"custom_epoch": 23, "_timestamp": 1686896712.4465199, "_runtime": 6267.497136831284, "_step": 575, "yelp2018/loss": 11.535314108362261, "yelp2018/training_time": 280.3688223361969, "best test recall": 0.05170275954034947, "yelp2018/recall@20": 0.0388012479883691, "yelp2018/ndcg@20": 0.030904987295586616, "yelp2018/precision@20": 0.017669256031324992, "yelp2018/groups/recall_group_1@20": 4.0784504517506915e-05, "yelp2018/groups/recall_group_2@20": 5.1520023597900165e-05, "yelp2018/groups/recall_group_3@20": 8.712341530821407e-05, "yelp2018/groups/recall_group_4@20": 0.00013027461675374833, "yelp2018/groups/recall_group_5@20": 0.0002384591526951188, "yelp2018/groups/recall_group_6@20": 0.000517021620884675, "yelp2018/groups/recall_group_7@20": 0.0008886634318418512, "yelp2018/groups/recall_group_8@20": 0.0015614281539924608, "yelp2018/groups/recall_group_9@20": 0.0033889570846136643, "yelp2018/groups/recall_group_10@20": 0.03189701598416396, "yelp2018/recall@40": 0.06663954365950012, "yelp2018/ndcg@40": 0.041462595628797505, "yelp2018/precision@40": 0.01526462043703423, "yelp2018/groups/recall_group_1@40": 0.00011074661359359972, "yelp2018/groups/recall_group_2@40": 0.00011646377753868249, "yelp2018/groups/recall_group_3@40": 0.0002133092161886403, "yelp2018/groups/recall_group_4@40": 0.00028787593212520096, "yelp2018/groups/recall_group_5@40": 0.0006806978922199329, "yelp2018/groups/recall_group_6@40": 0.0011303546163526493, "yelp2018/groups/recall_group_7@40": 0.0016035337012615016, "yelp2018/groups/recall_group_8@40": 0.002726846598336709, "yelp2018/groups/recall_group_9@40": 0.006015375046963098, "yelp2018/groups/recall_group_10@40": 0.053754340264920104, "_wandb": {"runtime": 6347}}