{"best test recall": 0.07073667221790227, "yelp2018/recall@20": 0.06977950248317862, "yelp2018/ndcg@20": 0.05779841157148794, "_timestamp": 1686115889.7388422, "_runtime": 2854.0826342105865, "_step": 78, "_wandb": {"runtime": 2889}}