{"yelp2018/loss": 0.1553480758251536, "_timestamp": 1686293127.381639, "_runtime": 133.89470911026, "_step": 38, "best test recall": 0.03415559930525479, "yelp2018/recall@20": 0.03415559930525479, "yelp2018/ndcg@20": 0.02809929280132802, "yelp2018/precision@20": 0.01597195907540735, "yelp2018/groups/recall_group_1@20": 0.0, "yelp2018/groups/recall_group_2@20": 0.0, "yelp2018/groups/recall_group_3@20": 0.0, "yelp2018/groups/recall_group_4@20": 0.0, "yelp2018/groups/recall_group_5@20": 0.0, "yelp2018/groups/recall_group_6@20": 1.9240255835557084e-05, "yelp2018/groups/recall_group_7@20": 0.0001346375387205247, "yelp2018/groups/recall_group_8@20": 0.00021965868350919373, "yelp2018/groups/recall_group_9@20": 0.0010953464797901415, "yelp2018/groups/recall_group_10@20": 0.032686716347399364, "yelp2018/time_cost_s": 36.81889462471008, "_wandb": {"runtime": 161}}