{"custom_epoch": 1, "_timestamp": 1689339155.5474222, "_runtime": 75.8849470615387, "_step": 27, "yelp2018/loss": 5.665858016452467, "yelp2018/training_time": 50.20616316795349, "best valid recall": 0.058887302482926, "yelp2018/valid_recall@20": 0.058887302482926, "yelp2018/valid_ndcg@20": 0.036086482579258866, "yelp2018/valid_precision@20": 0.012757357584943792, "yelp2018/valid_recall@40": 0.0944507430608547, "yelp2018/valid_ndcg@40": 0.04669303373118171, "yelp2018/valid_precision@40": 0.010230358721738032, "best test recall": 0.03846294779450383, "yelp2018/recall@20": 0.03846294779450383, "yelp2018/ndcg@20": 0.03136585118217748, "yelp2018/precision@20": 0.017992926613616272, "yelp2018/groups/recall_group_1@20": 1.0826611811833488e-05, "yelp2018/groups/recall_group_2@20": 8.24562198986323e-06, "yelp2018/groups/recall_group_3@20": 2.9579524653416275e-05, "yelp2018/groups/recall_group_4@20": 7.316855872458486e-05, "yelp2018/groups/recall_group_5@20": 9.885337839771043e-05, "yelp2018/groups/recall_group_6@20": 0.00018016086057401752, "yelp2018/groups/recall_group_7@20": 0.000488114875789196, "yelp2018/groups/recall_group_8@20": 0.001325177199881686, "yelp2018/groups/recall_group_9@20": 0.004054566483976734, "yelp2018/groups/recall_group_10@20": 0.032194254678704785, "yelp2018/recall@40": 0.06578296669456551, "yelp2018/ndcg@40": 0.04171452780366881, "yelp2018/precision@40": 0.015439876215738287, "yelp2018/groups/recall_group_1@40": 3.4352731697439135e-05, "yelp2018/groups/recall_group_2@40": 6.800060724642342e-05, "yelp2018/groups/recall_group_3@40": 7.123827641352492e-05, "yelp2018/groups/recall_group_4@40": 0.0002525501007043038, "yelp2018/groups/recall_group_5@40": 0.0002957098919257485, "yelp2018/groups/recall_group_6@40": 0.0005949455157030504, "yelp2018/groups/recall_group_7@40": 0.0013211158554167412, "yelp2018/groups/recall_group_8@40": 0.0029122716004010203, "yelp2018/groups/recall_group_9@40": 0.008625641099424326, "yelp2018/groups/recall_group_10@40": 0.051607141015632935, "_wandb": {"runtime": 79}}