{"custom_epoch": 12, "_timestamp": 1686890339.0238848, "_runtime": 2870.5976028442383, "_step": 324, "yelp2018/loss": 12.056726609564633, "yelp2018/training_time": 174.02980947494507, "best valid recall": 0.08019257449181676, "yelp2018/valid_recall@20": 0.0771254703610639, "yelp2018/valid_ndcg@20": 0.047387614333650824, "yelp2018/valid_precision@20": 0.015390930908172286, "yelp2018/valid_recall@40": 0.11996037291560187, "yelp2018/valid_ndcg@40": 0.06013937067539989, "yelp2018/valid_precision@40": 0.01214633068081344, "best test recall": 0.05184152739581222, "yelp2018/recall@20": 0.05028138152053674, "yelp2018/ndcg@20": 0.041270810948941625, "yelp2018/precision@20": 0.02265536187949981, "yelp2018/groups/recall_group_1@20": 6.77854423395446e-06, "yelp2018/groups/recall_group_2@20": 4.3000772298990033e-05, "yelp2018/groups/recall_group_3@20": 3.4231542205275786e-05, "yelp2018/groups/recall_group_4@20": 9.649456614411053e-05, "yelp2018/groups/recall_group_5@20": 0.00013054532397197797, "yelp2018/groups/recall_group_6@20": 0.0003128478830187167, "yelp2018/groups/recall_group_7@20": 0.0006733089387909509, "yelp2018/groups/recall_group_8@20": 0.0017709689426059175, "yelp2018/groups/recall_group_9@20": 0.004138519005700642, "yelp2018/groups/recall_group_10@20": 0.04307468600156623, "yelp2018/recall@40": 0.0831988876984297, "yelp2018/ndcg@40": 0.05368976694408295, "yelp2018/precision@40": 0.018946570670708606, "yelp2018/groups/recall_group_1@40": 3.903177872075026e-05, "yelp2018/groups/recall_group_2@40": 9.539774035620255e-05, "yelp2018/groups/recall_group_3@40": 8.139008549475661e-05, "yelp2018/groups/recall_group_4@40": 0.00019998268041583118, "yelp2018/groups/recall_group_5@40": 0.00043882961785448053, "yelp2018/groups/recall_group_6@40": 0.0008450862516399656, "yelp2018/groups/recall_group_7@40": 0.0014913925812822775, "yelp2018/groups/recall_group_8@40": 0.0032863165580991833, "yelp2018/groups/recall_group_9@40": 0.008189465173518807, "yelp2018/groups/recall_group_10@40": 0.06853199523104744, "_wandb": {"runtime": 2922}}