{"custom_epoch": 2, "_timestamp": 1687347132.155382, "_runtime": 147.77517700195312, "_step": 50, "yelp2018/loss": -0.44140700149713763, "yelp2018/training_time": 23.129390716552734, "best test recall": 0.000499247385554985, "yelp2018/recall@20": 0.0003618630871377637, "yelp2018/ndcg@20": 0.00032014348523066685, "yelp2018/precision@20": 0.00020051787293166602, "yelp2018/groups/recall_group_1@20": 0.00024835531400012757, "yelp2018/groups/recall_group_2@20": 5.044218098905797e-05, "yelp2018/groups/recall_group_3@20": 2.9171704048551334e-05, "yelp2018/groups/recall_group_4@20": 8.571067684368177e-06, "yelp2018/groups/recall_group_5@20": 6.37624974495001e-06, "yelp2018/groups/recall_group_6@20": 1.2631047113805736e-05, "yelp2018/groups/recall_group_7@20": 0.0, "yelp2018/groups/recall_group_8@20": 6.315523556902868e-06, "yelp2018/groups/recall_group_9@20": 0.0, "yelp2018/groups/recall_group_10@20": 0.0, "yelp2018/recall@40": 0.0007188203095559383, "yelp2018/ndcg@40": 0.0004529879675248836, "yelp2018/precision@40": 0.00019657067070860172, "yelp2018/groups/recall_group_1@40": 0.00044847766921980183, "yelp2018/groups/recall_group_2@40": 9.758224074476112e-05, "yelp2018/groups/recall_group_3@40": 6.03519917012258e-05, "yelp2018/groups/recall_group_4@40": 3.496884816563323e-05, "yelp2018/groups/recall_group_5@40": 3.479610575101292e-05, "yelp2018/groups/recall_group_6@40": 3.6327930416600365e-05, "yelp2018/groups/recall_group_7@40": 0.0, "yelp2018/groups/recall_group_8@40": 6.315523556902868e-06, "yelp2018/groups/recall_group_9@40": 0.0, "yelp2018/groups/recall_group_10@40": 0.0, "gradients/graph_1MLP_model.linear_out.bias": {"_type": "histogram", "values": [0.0, 0.0, 0.0, 0.0, 0.0, 0.0, 0.0, 0.0, 0.0, 0.0, 0.0, 0.0, 0.0, 0.0, 0.0, 0.0, 0.0, 0.0, 0.0, 0.0, 0.0, 0.0, 0.0, 0.0, 0.0, 0.0, 0.0, 0.0, 0.0, 0.0, 0.0, 0.0, 1.0, 0.0, 0.0, 0.0, 0.0, 0.0, 0.0, 0.0, 0.0, 0.0, 0.0, 0.0, 0.0, 0.0, 0.0, 0.0, 0.0, 0.0, 0.0, 0.0, 0.0, 0.0, 0.0, 0.0, 0.0, 0.0, 0.0, 0.0, 0.0, 0.0, 0.0, 0.0], "bins": [0.0018342218827456236, 0.0018342218827456236, 0.0018342218827456236, 0.0018342218827456236, 0.0018342218827456236, 0.0018342218827456236, 0.0018342218827456236, 0.0018342218827456236, 0.0018342218827456236, 0.0018342218827456236, 0.0018342218827456236, 0.0018342218827456236, 0.0018342218827456236, 0.0018342218827456236, 0.0018342218827456236, 0.0018342218827456236, 0.0018342218827456236, 0.0018342218827456236, 0.0018342218827456236, 0.0018342218827456236, 0.0018342218827456236, 0.0018342218827456236, 0.0018342218827456236, 0.0018342218827456236, 0.0018342218827456236, 0.0018342218827456236, 0.0018342218827456236, 0.0018342218827456236, 0.0018342218827456236, 0.0018342218827456236, 0.0018342218827456236, 0.0018342218827456236, 0.0018342218827456236, 0.0018342218827456236, 0.0018342218827456236, 0.0018342218827456236, 0.0018342218827456236, 0.0018342218827456236, 0.0018342218827456236, 0.0018342218827456236, 0.0018342218827456236, 0.0018342218827456236, 0.0018342218827456236, 0.0018342218827456236, 0.0018342218827456236, 0.0018342218827456236, 0.0018342218827456236, 0.0018342218827456236, 0.0018342218827456236, 0.0018342218827456236, 0.0018342218827456236, 0.0018342218827456236, 0.0018342218827456236, 0.0018342218827456236, 0.0018342218827456236, 0.0018342218827456236, 0.0018342218827456236, 0.0018342218827456236, 0.0018342218827456236, 0.0018342218827456236, 0.0018342218827456236, 0.0018342218827456236, 0.0018342218827456236, 0.0018342218827456236, 0.0018342218827456236]}, "gradients/graph_1MLP_model.linear_out.weight": {"_type": "histogram", "values": [7.0, 1.0, 0.0, 0.0, 1.0, 0.0, 0.0, 0.0, 0.0, 0.0, 0.0, 0.0, 0.0, 0.0, 1.0, 0.0, 0.0, 0.0, 0.0, 0.0, 0.0, 0.0, 0.0, 1.0, 0.0, 0.0, 2.0, 1.0, 2.0, 0.0, 0.0, 0.0, 0.0, 0.0, 0.0, 0.0, 1.0, 0.0, 0.0, 0.0, 1.0, 0.0, 0.0, 0.0, 0.0, 0.0, 0.0, 0.0, 0.0, 0.0, 0.0, 0.0, 0.0, 0.0, 0.0, 0.0, 0.0, 0.0, 0.0, 0.0, 1.0, 0.0, 0.0, 1.0], "bins": [0.0, 8.997622353490442e-05, 0.00017995244706980884, 0.00026992865605279803, 0.0003599048941396177, 0.00044988113222643733, 0.0005398573121055961, 0.0006298335501924157, 0.0007198097882792354, 0.000809786026366055, 0.0008997622644528747, 0.0009897383861243725, 0.0010797146242111921, 0.0011696908622980118, 0.0012596671003848314, 0.001349643338471651, 0.0014396195765584707, 0.0015295958146452904, 0.00161957205273211, 0.0017095482908189297, 0.0017995245289057493, 0.001889500766992569, 0.001979476772248745, 0.0020694532431662083, 0.0021594292484223843, 0.002249405486509204, 0.0023393817245960236, 0.002429357962682843, 0.002519334200769663, 0.0026093104388564825, 0.002699286676943302, 0.002789262682199478, 0.0028792391531169415, 0.002969215391203761, 0.0030591916292905807, 0.0031491678673774004, 0.00323914410546422, 0.0033291203435510397, 0.0034190965816378593, 0.0035090725868940353, 0.0035990490578114986, 0.0036890252958983183, 0.003779001533985138, 0.0038689777720719576, 0.003958954010158777, 0.004048930015414953, 0.0041389064863324165, 0.0042288824915885925, 0.0043188584968447685, 0.0044088345021009445, 0.004498810973018408, 0.004588786978274584, 0.004678763449192047, 0.004768739454448223, 0.004858715925365686, 0.004948691930621862, 0.005038668401539326, 0.005128644406795502, 0.005218620877712965, 0.005308596882969141, 0.005398573353886604, 0.00548854935914278, 0.005578525830060244, 0.00566850183531642, 0.005758478306233883]}, "gradients/graph_1MLP_model.linear.bias": {"_type": "histogram", "values": [1.0, 0.0, 0.0, 0.0, 0.0, 0.0, 0.0, 0.0, 0.0, 0.0, 0.0, 0.0, 0.0, 0.0, 0.0, 0.0, 0.0, 0.0, 0.0, 0.0, 0.0, 0.0, 1.0, 0.0, 1.0, 0.0, 0.0, 0.0, 0.0, 0.0, 1.0, 0.0, 0.0, 0.0, 0.0, 0.0, 0.0, 1.0, 0.0, 0.0, 0.0, 0.0, 0.0, 0.0, 0.0, 2.0, 1.0, 0.0, 0.0, 0.0, 0.0, 0.0, 0.0, 0.0, 0.0, 0.0, 7.0, 2.0, 0.0, 1.0, 0.0, 1.0, 0.0, 1.0], "bins": [-0.0010675578378140926, -0.0010485835373401642, -0.0010296092368662357, -0.0010106349363923073, -0.0009916606359183788, -0.0009726863354444504, -0.0009537120349705219, -0.0009347377344965935, -0.000915763434022665, -0.0008967891335487366, -0.0008778148330748081, -0.0008588405326008797, -0.0008398662321269512, -0.0008208919316530228, -0.0008019176311790943, -0.0007829433307051659, -0.0007639690884388983, -0.0007449947879649699, -0.0007260204874910414, -0.000707046187017113, -0.0006880718865431845, -0.0006690975860692561, -0.0006501232855953276, -0.0006311490433290601, -0.0006121747428551316, -0.0005932004423812032, -0.0005742261419072747, -0.0005552518414333463, -0.0005362775409594178, -0.0005173032404854894, -0.0004983289400115609, -0.0004793546686414629, -0.000460380339063704, -0.00044140603858977556, -0.0004224317381158471, -0.00040345743764191866, -0.0003844831371679902, -0.00036550883669406176, -0.00034653456532396376, -0.0003275602648500353, -0.0003085859934799373, -0.00028961169300600886, -0.0002706373925320804, -0.00025166309205815196, -0.00023268880613613874, -0.00021371450566221029, -0.00019474021974019706, -0.0001757659192662686, -0.00015679160424042493, -0.00013781730376649648, -0.00011884301056852564, -9.98687173705548e-05, -8.089441689662635e-05, -6.19201164226979e-05, -4.2945823224727064e-05, -2.3971530026756227e-05, -4.9972295528277755e-06, 1.3977067283121869e-05, 3.2951364119071513e-05, 5.192566095502116e-05, 7.08999577909708e-05, 8.987425826489925e-05, 0.00010884855146287009, 0.00012782284466084093, 0.00014679714513476938]}, "gradients/graph_1MLP_model.linear.weight": {"_type": "histogram", "values": [2.0, 0.0, 0.0, 0.0, 0.0, 0.0, 0.0, 0.0, 0.0, 0.0, 0.0, 0.0, 0.0, 0.0, 0.0, 0.0, 0.0, 0.0, 0.0, 0.0, 0.0, 0.0, 2.0, 0.0, 2.0, 0.0, 0.0, 0.0, 0.0, 0.0, 1.0, 1.0, 0.0, 0.0, 0.0, 0.0, 0.0, 2.0, 0.0, 0.0, 0.0, 0.0, 1.0, 0.0, 2.0, 4.0, 0.0, 0.0, 2.0, 1.0, 0.0, 1.0, 0.0, 3.0, 2.0, 57.0, 7.0, 4.0, 2.0, 0.0, 2.0, 0.0, 1.0, 1.0],