{"custom_epoch": 10, "_timestamp": 1687506349.6268077, "_runtime": 720.1065046787262, "_step": 254, "yelp2018/loss": 4.580722984888696, "yelp2018/training_time": 58.89248585700989, "best test recall": 0.0664719967382386, "yelp2018/recall@20": 0.0664719967382386, "yelp2018/ndcg@20": 0.055026388852122896, "yelp2018/precision@20": 0.029845585449033724, "yelp2018/groups/recall_group_1@20": 0.0006388828548347214, "yelp2018/groups/recall_group_2@20": 0.0005586109752835465, "yelp2018/groups/recall_group_3@20": 0.0005361997818389792, "yelp2018/groups/recall_group_4@20": 0.0007194910166182765, "yelp2018/groups/recall_group_5@20": 0.0010408701252883129, "yelp2018/groups/recall_group_6@20": 0.0018377004600409715, "yelp2018/groups/recall_group_7@20": 0.0025694924389370564, "yelp2018/groups/recall_group_8@20": 0.00468983384049075, "yelp2018/groups/recall_group_9@20": 0.00924794768360094, "yelp2018/groups/recall_group_10@20": 0.04463296756130506, "yelp2018/recall@40": 0.10955194039929897, "yelp2018/ndcg@40": 0.07123560241440449, "yelp2018/precision@40": 0.024708696475937857, "yelp2018/groups/recall_group_1@40": 0.0013840149896097572, "yelp2018/groups/recall_group_2@40": 0.0012246547769499856, "yelp2018/groups/recall_group_3@40": 0.001231473249060529, "yelp2018/groups/recall_group_4@40": 0.001636090408036083, "yelp2018/groups/recall_group_5@40": 0.002362639633451889, "yelp2018/groups/recall_group_6@40": 0.0037501011533568173, "yelp2018/groups/recall_group_7@40": 0.005329965260311092, "yelp2018/groups/recall_group_8@40": 0.008862003969008086, "yelp2018/groups/recall_group_9@40": 0.016570425592328502, "yelp2018/groups/recall_group_10@40": 0.06720057136718625, "gradients/graph_1MLP_model.linear_out.bias": {"_type": "histogram", "values": [0.0, 0.0, 0.0, 0.0, 0.0, 0.0, 0.0, 0.0, 0.0, 0.0, 0.0, 0.0, 0.0, 0.0, 0.0, 0.0, 0.0, 0.0, 0.0, 0.0, 0.0, 0.0, 0.0, 0.0, 0.0, 0.0, 0.0, 0.0, 0.0, 0.0, 0.0, 0.0, 1.0, 0.0, 0.0, 0.0, 0.0, 0.0, 0.0, 0.0, 0.0, 0.0, 0.0, 0.0, 0.0, 0.0, 0.0, 0.0, 0.0, 0.0, 0.0, 0.0, 0.0, 0.0, 0.0, 0.0, 0.0, 0.0, 0.0, 0.0, 0.0, 0.0, 0.0, 0.0], "bins": [-9.596101881470531e-05, -9.596101881470531e-05, -9.596101881470531e-05, -9.596101881470531e-05, -9.596101881470531e-05, -9.596101881470531e-05, -9.596101881470531e-05, -9.596101881470531e-05, -9.596101881470531e-05, -9.596101881470531e-05, -9.596101881470531e-05, -9.596101881470531e-05, -9.596101881470531e-05, -9.596101881470531e-05, -9.596101881470531e-05, -9.596101881470531e-05, -9.596101881470531e-05, -9.596101881470531e-05, -9.596101881470531e-05, -9.596101881470531e-05, -9.596101881470531e-05, -9.596101881470531e-05, -9.596101881470531e-05, -9.596101881470531e-05, -9.596101881470531e-05, -9.596101881470531e-05, -9.596101881470531e-05, -9.596101881470531e-05, -9.596101881470531e-05, -9.596101881470531e-05, -9.596101881470531e-05, -9.596101881470531e-05, -9.596101881470531e-05, -9.596101881470531e-05, -9.596101881470531e-05, -9.596101881470531e-05, -9.596101881470531e-05, -9.596101881470531e-05, -9.596101881470531e-05, -9.596101881470531e-05, -9.596101881470531e-05, -9.596101881470531e-05, -9.596101881470531e-05, -9.596101881470531e-05, -9.596101881470531e-05, -9.596101881470531e-05, -9.596101881470531e-05, -9.596101881470531e-05, -9.596101881470531e-05, -9.596101881470531e-05, -9.596101881470531e-05, -9.596101881470531e-05, -9.596101881470531e-05, -9.596101881470531e-05, -9.596101881470531e-05, -9.596101881470531e-05, -9.596101881470531e-05, -9.596101881470531e-05, -9.596101881470531e-05, -9.596101881470531e-05, -9.596101881470531e-05, -9.596101881470531e-05, -9.596101881470531e-05, -9.596101881470531e-05, -9.596101881470531e-05]}, "gradients/graph_1MLP_model.linear_out.weight": {"_type": "histogram", "values": [1.0, 0.0, 0.0, 0.0, 0.0, 0.0, 0.0, 0.0, 0.0, 0.0, 0.0, 0.0, 0.0, 0.0, 0.0, 0.0, 0.0, 0.0, 0.0, 0.0, 0.0, 0.0, 0.0, 0.0, 0.0, 0.0, 0.0, 0.0, 0.0, 0.0, 0.0, 0.0, 0.0, 0.0, 0.0, 2.0, 1.0, 1.0, 1.0, 1.0, 1.0, 0.0, 0.0, 1.0, 2.0, 1.0, 0.0, 0.0, 0.0, 0.0, 1.0, 0.0, 0.0, 0.0, 0.0, 0.0, 0.0, 0.0, 0.0, 0.0, 1.0, 0.0, 0.0, 6.0], "bins": [-0.0003581188211683184, -0.00035252320230938494, -0.00034692761255428195, -0.0003413319936953485, -0.0003357364039402455, -0.00033014078508131206, -0.00032454519532620907, -0.0003189495764672756, -0.00031335395760834217, -0.0003077583387494087, -0.00030216274899430573, -0.0002965671301353723, -0.0002909715403802693, -0.00028537592152133584, -0.0002797803026624024, -0.0002741847129072994, -0.0002685891231521964, -0.00026299350429326296, -0.00025739791453815997, -0.0002518022956792265, -0.0002462067059241235, -0.00024061108706519008, -0.00023501548275817186, -0.00022941987845115364, -0.0002238242595922202, -0.00021822865528520197, -0.00021263305097818375, -0.0002070374321192503, -0.00020144182781223208, -0.00019584622350521386, -0.00019025061919819564, -0.00018465501489117742, -0.0001790594105841592, -0.00017346380627714097, -0.00016786820197012275, -0.00016227259766310453, -0.00015667697880417109, -0.00015108137449715286, -0.00014548577019013464, -0.00013989016588311642, -0.0001342945615760982, -0.00012869895726907998, -0.00012310335296206176, -0.00011750774137908593, -0.00011191213707206771, -0.00010631652548909187, -0.00010072092118207365, -9.512531687505543e-05, -8.95297052920796e-05, -8.393410098506138e-05, -7.833848940208554e-05, -7.274288509506732e-05, -6.71472807880491e-05, -6.155167648103088e-05, -5.595606489805505e-05, -5.0360460591036826e-05, -4.47648526460398e-05, -3.916924470104277e-05, -3.357364039402455e-05, -2.7978032449027523e-05, -2.23824263230199e-05, -1.6786820197012275e-05, -1.1191212252015248e-05, -5.5956079449970275e-06, 0.0]}, "gradients/graph_1MLP_model.linear.bias": {"_type": "histogram", "values": [1.0, 0.0, 0.0, 0.0, 0.0, 0.0, 0.0, 0.0, 0.0, 0.0, 0.0, 0.0, 0.0, 0.0, 0.0, 0.0, 0.0, 0.0, 0.0, 0.0, 0.0, 0.0, 0.0, 0.0, 0.0, 0.0, 0.0, 0.0, 1.0, 0.0, 0.0, 0.0, 0.0, 0.0, 0.0, 0.0, 0.0, 1.0, 1.0, 0.0, 0.0, 0.0, 0.0, 0.0, 0.0, 0.0, 1.0, 1.0, 0.0, 0.0, 2.0, 2.0, 1.0, 0.0, 0.0, 2.0, 0.0, 0.0, 0.0, 0.0, 0.0, 0.0, 0.0, 7.0], "bins": [-0.00014673828263767064, -0.00014444034604821354, -0.00014214240945875645, -0.00013984447286929935, -0.00013754652172792703, -0.00013524858513846993, -0.00013295064854901284, -0.00013065271195955575, -0.00012835477537009865, -0.00012605683878064156, -0.00012375890219118446, -0.00012146095832576975, -0.00011916302173631266, -0.00011686508514685556, -0.00011456714128144085, -0.00011226920469198376, -0.00010997126810252666, -0.00010767333151306957, -0.00010537538764765486, -0.00010307745105819777, -0.00010077951446874067, -9.848157787928358e-05, -9.618363401386887e-05, -9.388569742441177e-05, -9.158775355899706e-05, -8.928981696953997e-05, -8.699187310412526e-05, -8.469393651466817e-05, -8.239599992521107e-05, -8.009806333575398e-05, -7.780011947033927e-05, -7.550218288088217e-05, -7.320424629142508e-05, -7.090630970196798e-05, -6.860836583655328e-05, -6.631042924709618e-05, -6.401249265763909e-05, -6.171455606818199e-05, -5.941661220276728e-05, -5.711867561331019e-05, -5.482073902385309e-05, -5.252279879641719e-05, -5.02248622069601e-05, -4.7926921979524195e-05, -4.56289853900671e-05, -4.33310451626312e-05, -4.10331049351953e-05, -3.87351683457382e-05, -3.643723175628111e-05, -3.4139291528845206e-05, -3.184135493938811e-05, -2.954341471195221e-05, -2.7245478122495115e-05, -2.4947537895059213e-05, -2.2649599486612715e-05, -2.0351661078166217e-05, -1.805372266971972e-05, -1.575578426127322e-05, -1.3457845852826722e-05, -1.1159906534885522e-05, -8.861968126439024e-06, -6.5640297179925255e-06, -4.2660904000513256e-06, -1.9681519916048273e-06, 3.297872694929538e-07]}, "gradients/graph_1MLP_model.linear.weight": {"_type": "histogram",