{"custom_epoch": 100, "_timestamp": 1686733890.5417342, "_runtime": 67781.70467019081, "_step": 2704, "yelp2018/loss": 0.35233960662729075, "yelp2018/training_time": 651.3118240833282, "best valid recall": 0.08579015012264457, "yelp2018/valid_recall@20": 0.0857188691441191, "yelp2018/valid_ndcg@20": 0.05281152121754454, "yelp2018/valid_precision@20": 0.018228179866110895, "yelp2018/valid_recall@40": 0.1340615872813012, "yelp2018/valid_ndcg@40": 0.06729731714086812, "yelp2018/valid_precision@40": 0.014457022862195275, "best test recall": 0.05181168103153235, "yelp2018/recall@20": 0.05165618446187805, "yelp2018/ndcg@20": 0.04239059429825025, "yelp2018/precision@20": 0.02340690918277125, "yelp2018/groups/recall_group_1@20": 0.0, "yelp2018/groups/recall_group_2@20": 0.0, "yelp2018/groups/recall_group_3@20": 1.1578459854321924e-05, "yelp2018/groups/recall_group_4@20": 2.8983742037929227e-05, "yelp2018/groups/recall_group_5@20": 6.720496252515957e-05, "yelp2018/groups/recall_group_6@20": 0.00018560692111279454, "yelp2018/groups/recall_group_7@20": 0.0004820259223154333, "yelp2018/groups/recall_group_8@20": 0.0016616408898008457, "yelp2018/groups/recall_group_9@20": 0.00484201646669301, "yelp2018/groups/recall_group_10@20": 0.044377127097538556, "yelp2018/recall@40": 0.08648062395053444, "yelp2018/ndcg@40": 0.05561752733990267, "yelp2018/precision@40": 0.019783377541998232, "yelp2018/groups/recall_group_1@40": 0.0, "yelp2018/groups/recall_group_2@40": 3.034959931511656e-05, "yelp2018/groups/recall_group_3@40": 4.9997894825481036e-05, "yelp2018/groups/recall_group_4@40": 0.0001319407277729808, "yelp2018/groups/recall_group_5@40": 0.0002956856420648871, "yelp2018/groups/recall_group_6@40": 0.0006249063664387686, "yelp2018/groups/recall_group_7@40": 0.0013879866835299285, "yelp2018/groups/recall_group_8@40": 0.003607005504805024, "yelp2018/groups/recall_group_9@40": 0.010206914976586101, "yelp2018/groups/recall_group_10@40": 0.07014583655519616, "_wandb": {"runtime": 67787}}