{"custom_epoch": 0, "_timestamp": 1687346952.1847975, "_runtime": 62.5441255569458, "_step": 0, "_wandb": {"runtime": 35}}