{"best test recall": 0.053646012280704945, "yelp2018/recall@20": 0.053646012280704945, "yelp2018/ndcg@20": 0.044334276138773034, "_timestamp": 1686037050.3269885, "_runtime": 926.8182554244995, "_step": 16}