{"best test recall": 0.05453631808974304, "yelp2018/recall@20": 0.05393599152742701, "yelp2018/ndcg@20": 0.04418639305030094, "_timestamp": 1686039314.880804, "_runtime": 3191.3720710277557, "_step": 58, "_wandb": {"runtime": 3245}}