{"custom_epoch": 6, "_timestamp": 1687681559.322164, "_runtime": 345.7426769733429, "_step": 151, "yelp2018/loss": 4.465064593498281, "yelp2018/training_time": 42.78554725646973, "best test recall": 0.06103048119022257, "yelp2018/recall@20": 0.06103048119022257, "yelp2018/ndcg@20": 0.050549817911470375, "yelp2018/precision@20": 0.027387267904509287, "yelp2018/groups/recall_group_1@20": 0.0004145986241405796, "yelp2018/groups/recall_group_2@20": 0.0004420928384572083, "yelp2018/groups/recall_group_3@20": 0.00043699375706108363, "yelp2018/groups/recall_group_4@20": 0.0006191897187013943, "yelp2018/groups/recall_group_5@20": 0.00101890027939355, "yelp2018/groups/recall_group_6@20": 0.0015714495323396742, "yelp2018/groups/recall_group_7@20": 0.002252413629504895, "yelp2018/groups/recall_group_8@20": 0.0043372778969032934, "yelp2018/groups/recall_group_9@20": 0.008369883288319096, "yelp2018/groups/recall_group_10@20": 0.04156768162540179, "yelp2018/recall@40": 0.10022316454007453, "yelp2018/ndcg@40": 0.06533848859305465, "yelp2018/precision@40": 0.02272325375773652, "yelp2018/groups/recall_group_1@40": 0.0010902874826625494, "yelp2018/groups/recall_group_2@40": 0.0009710272636434318, "yelp2018/groups/recall_group_3@40": 0.0010583236066998337, "yelp2018/groups/recall_group_4@40": 0.0014418815953166797, "yelp2018/groups/recall_group_5@40": 0.001976382880097597, "yelp2018/groups/recall_group_6@40": 0.003230544202080132, "yelp2018/groups/recall_group_7@40": 0.004685632806887372, "yelp2018/groups/recall_group_8@40": 0.007803494392474716, "yelp2018/groups/recall_group_9@40": 0.015171282859203905, "yelp2018/groups/recall_group_10@40": 0.0627943074510083, "gradients/embedding_user.weight": {"_type": "histogram", "values": [1.0, 3.0, 1.0, 1.0, 4.0, 5.0, 6.0, 12.0, 26.0, 27.0, 47.0, 65.0, 84.0, 144.0, 208.0, 292.0, 442.0, 580.0, 754.0, 1065.0, 1353.0, 1873.0, 2469.0, 3131.0, 3746.0, 4784.0, 5684.0, 6748.0, 7702.0, 9522.0, 248578.0, 1658375.0, 23126.0, 8420.0, 7280.0, 6235.0, 5098.0, 4308.0, 3437.0, 2705.0, 2199.0, 1661.0, 1264.0, 922.0, 714.0, 493.0, 317.0, 272.0, 185.0, 113.0, 90.0, 55.0, 45.0, 23.0, 15.0, 10.0, 17.0, 3.0, 3.0, 2.0, 2.0, 3.0, 1.0, 2.0], "bins": [-0.001767643727362156, -0.0017111010383814573, -0.0016545583494007587, -0.0015980156604200602, -0.0015414729714393616, -0.001484930282458663, -0.0014283875934779644, -0.0013718449044972658, -0.0013153022155165672, -0.0012587595265358686, -0.00120221683755517, -0.0011456741485744715, -0.0010891314595937729, -0.0010325887706130743, -0.0009760460234247148, -0.0009195033344440162, -0.0008629605872556567, -0.0008064178982749581, -0.0007498752092942595, -0.000693332520313561, -0.0006367898313328624, -0.0005802471423521638, -0.0005237043951638043, -0.0004671617061831057, -0.0004106190172024071, -0.00035407632822170854, -0.00029753363924100995, -0.0002409909211564809, -0.00018444823217578232, -0.00012790554319508374, -7.13628251105547e-05, -1.482013612985611e-05, 4.172243643552065e-05, 9.826513269217685e-05, 0.00015480782894883305, 0.00021135053248144686, 0.00026789322146214545, 0.00032443591044284403, 0.0003809786285273731, 0.00043752131750807166, 0.0004940640064887702, 0.0005506066954694688, 0.0006071493844501674, 0.0006636921316385269, 0.0007202348206192255, 0.0007767775095999241, 0.0008333201985806227, 0.0008898628875613213, 0.0009464055765420198, 0.0010029482655227184, 0.001059490954503417, 0.0011160336434841156, 0.0011725763324648142, 0.0012291190214455128, 0.0012856617104262114, 0.00134220439940691, 0.0013987470883876085, 0.0014552897773683071, 0.0015118324663490057, 0.0015683751553297043, 0.0016249178443104029, 0.0016814605332911015, 0.0017380032222718, 0.0017945459112524986, 0.001851088716648519]}, "gradients/graph_1model.embedding_user.weight": {"_type": "histogram", "values": [1.0, 3.0, 1.0, 1.0, 4.0, 5.0, 6.0, 12.0, 26.0, 27.0, 47.0, 65.0, 84.0, 144.0, 208.0, 292.0, 442.0, 580.0, 754.0, 1065.0, 1353.0, 1873.0, 2469.0, 3131.0, 3746.0, 4784.0, 5684.0, 6748.0, 7702.0, 9522.0, 248578.0, 1658375.0, 23126.0, 8420.0, 7280.0, 6235.0, 5098.0, 4308.0, 3437.0, 2705.0, 2199.0, 1661.0, 1264.0, 922.0, 714.0, 493.0, 317.0, 272.0, 185.0, 113.0, 90.0, 55.0, 45.0, 23.0, 15.0, 10.0, 17.0, 3.0, 3.0, 2.0, 2.0, 3.0, 1.0, 2.0], "bins": [-0.001767643727362156, -0.0017111010383814573, -0.0016545583494007587, -0.0015980156604200602, -0.0015414729714393616, -0.001484930282458663, -0.0014283875934779644, -0.0013718449044972658, -0.0013153022155165672, -0.0012587595265358686, -0.00120221683755517, -0.0011456741485744715, -0.0010891314595937729, -0.0010325887706130743, -0.0009760460234247148, -0.0009195033344440162, -0.0008629605872556567, -0.0008064178982749581, -0.0007498752092942595, -0.000693332520313561, -0.0006367898313328624, -0.0005802471423521638, -0.0005237043951638043, -0.0004671617061831057, -0.0004106190172024071, -0.00035407632822170854, -0.00029753363924100995, -0.0002409909211564809, -0.00018444823217578232, -0.00012790554319508374, -7.13628251105547e-05, -1.482013612985611e-05, 4.172243643552065e-05, 9.826513269217685e-05, 0.00015480782894883305, 0.00021135053248144686, 0.00026789322146214545, 0.00032443591044284403, 0.0003809786285273731, 0.00043752131750807166, 0.0004940640064887702, 0.0005506066954694688, 0.0006071493844501674, 0.0006636921316385269, 0.0007202348206192255, 0.0007767775095999241, 0.0008333201985806227, 0.0008898628875613213, 0.0009464055765420198, 0.0010029482655227184, 0.001059490954503417, 0.0011160336434841156, 0.0011725763324648142, 0.0012291190214455128, 0.0012856617104262114, 0.00134220439940691, 0.0013987470883876085, 0.0014552897773683071, 0.0015118324663490057, 0.0015683751553297043, 0.0016249178443104029, 0.0016814605332911015, 0.0017380032222718, 0.0017945459112524986, 0.001851088716648519]}, "gradients/embedding_item.weight": {"_type": "histogram", "values": [2.0, 0.0, 0.0, 1.0, 1.0, 1.0, 6.0, 4.0, 7.0, 6.0, 21.0, 16.0, 34.0, 48.0, 72.0, 97.0, 142.0, 261.0, 366.0, 500.0, 667.0, 934.0, 1395.0, 1808.0, 2379.0, 3085.0, 3910.0, 4594.0, 5698.0, 6542.0, 7473.0, 8275.0, 56751.0, 2246367.0, 36342.0, 8076.0, 7381.0, 6409.0, 5561.0, 4632.0, 3797.0, 3037.0, 2261.0, 1724.0, 1250.0, 938.0, 640.0, 519.0, 340.0, 214.0, 170.0, 113.0, 66.0, 49.0, 32.0, 17.0, 14.0, 8.0, 7.0, 4.0, 3.0, 2.0, 1.0, 2.0], "bins": [-0.002103327075019479, -0.0020404586102813482, -0.001977589912712574, -0.0019147214479744434, -0.0018518529832363129, -0.0017889845184981823, -0.00172611593734473, -0.0016632473561912775, -0.001600378891453147, -0.0015375104267150164, -0.001474641845561564, -0.0014117732644081116, -0.001348904799669981, -0.0012860363349318504, -0.001223167753778398, -0.0011602991726249456, -0.001097430707886815, -0.0010345622431486845, -0.0009716936619952321, -0.0009088251390494406, -0.0008459566161036491, -0.0007830880931578577, -0.0007202195702120662, -0.0006573510472662747, -0.0005944825243204832, -0.0005316140013746917, -0.00046874547842890024, -0.00040587695548310876, -0.0003430084325373173, -0.0002801399095915258, -0.0002172713866457343, -0.00015440286369994283, -9.153434075415134e-05, -2.866581780835986e-05, 3.420270513743162e-05, 9.70712280832231e-05, 0.0001599397510290146, 0.00022280827397480607, 0.00028567679692059755, 0.00034854531986638904, 0.0004114138428121805, 0.000474282365757972, 0.0005371508887037635, 0.000600019411649555, 0.0006628879345953465, 0.0007257564575411379, 0.0007886249804869294, 0.0008514935034327209, 0.0009143620263785124, 0.000977230491116643, 0.0010400990722700953, 0.0011029676534235477, 0.0011658361181616783, 0.0012287045828998089, 0.0012915731640532613, 0.0013544417452067137, 0.0014173102099448442, 0.0014801786746829748, 0.0015430472558364272, 0.0016059158369898796, 0.0016687843017280102, 0.0017316527664661407, 0.0017945213476195931, 0.0018573899287730455, 0.0019202583935111761]}, "gradients/graph_1model.embedding_item.weight": {"_type": "histogram",