{"best test recall": 0.06764293565759484, "yelp2018/recall@20": 0.060937243457392605, "yelp2018/ndcg@20": 0.050967642873997215, "_timestamp": 1686084813.2368124, "_runtime": 6884.084640264511, "_step": 38, "_wandb": {"runtime": 7074}}