{"best test recall": 0.06428328609689152, "yelp2018/recall@20": 0.05971002531623746, "yelp2018/ndcg@20": 0.04926002028489769, "_timestamp": 1686102444.4951508, "_runtime": 7045.487413883209, "_step": 46, "_wandb": {"runtime": 7217}}