{"custom_epoch": 2, "_timestamp": 1687504586.3317432, "_runtime": 158.74415516853333, "_step": 52, "yelp2018/loss": 5.281381384426395, "yelp2018/training_time": 60.17125844955444, "best test recall": 0.05145180350454093, "yelp2018/recall@20": 0.05145180350454093, "yelp2018/ndcg@20": 0.042451951774974996, "yelp2018/precision@20": 0.023752684097511682, "yelp2018/groups/recall_group_1@20": 3.150026579078604e-05, "yelp2018/groups/recall_group_2@20": 4.3715022595774526e-05, "yelp2018/groups/recall_group_3@20": 3.218107547998255e-05, "yelp2018/groups/recall_group_4@20": 0.00016571304276729787, "yelp2018/groups/recall_group_5@20": 0.00022968872685532983, "yelp2018/groups/recall_group_6@20": 0.00035221818281404673, "yelp2018/groups/recall_group_7@20": 0.0005963107193634335, "yelp2018/groups/recall_group_8@20": 0.0018232130801465619, "yelp2018/groups/recall_group_9@20": 0.005392751970028944, "yelp2018/groups/recall_group_10@20": 0.042784511418698774, "yelp2018/recall@40": 0.0856964034084379, "yelp2018/ndcg@40": 0.05530446643990746, "yelp2018/precision@40": 0.019799955791335103, "yelp2018/groups/recall_group_1@40": 8.2552456621302e-05, "yelp2018/groups/recall_group_2@40": 0.0001557066611997576, "yelp2018/groups/recall_group_3@40": 0.00014148511459915347, "yelp2018/groups/recall_group_4@40": 0.0004611242437727634, "yelp2018/groups/recall_group_5@40": 0.0006089680336899287, "yelp2018/groups/recall_group_6@40": 0.0010975685201219196, "yelp2018/groups/recall_group_7@40": 0.0017418649631481741, "yelp2018/groups/recall_group_8@40": 0.004144476472551153, "yelp2018/groups/recall_group_9@40": 0.010758016237056937, "yelp2018/groups/recall_group_10@40": 0.06650464070567678, "gradients/graph_1MLP_model.linear_out.bias": {"_type": "histogram", "values": [0.0, 0.0, 0.0, 0.0, 0.0, 0.0, 0.0, 0.0, 0.0, 0.0, 0.0, 0.0, 0.0, 0.0, 0.0, 0.0, 0.0, 0.0, 0.0, 0.0, 0.0, 0.0, 0.0, 0.0, 0.0, 0.0, 0.0, 0.0, 0.0, 0.0, 0.0, 0.0, 1.0, 0.0, 0.0, 0.0, 0.0, 0.0, 0.0, 0.0, 0.0, 0.0, 0.0, 0.0, 0.0, 0.0, 0.0, 0.0, 0.0, 0.0, 0.0, 0.0, 0.0, 0.0, 0.0, 0.0, 0.0, 0.0, 0.0, 0.0, 0.0, 0.0, 0.0, 0.0], "bins": [-0.005721907131373882, -0.005721907131373882, -0.005721907131373882, -0.005721907131373882, -0.005721907131373882, -0.005721907131373882, -0.005721907131373882, -0.005721907131373882, -0.005721907131373882, -0.005721907131373882, -0.005721907131373882, -0.005721907131373882, -0.005721907131373882, -0.005721907131373882, -0.005721907131373882, -0.005721907131373882, -0.005721907131373882, -0.005721907131373882, -0.005721907131373882, -0.005721907131373882, -0.005721907131373882, -0.005721907131373882, -0.005721907131373882, -0.005721907131373882, -0.005721907131373882, -0.005721907131373882, -0.005721907131373882, -0.005721907131373882, -0.005721907131373882, -0.005721907131373882, -0.005721907131373882, -0.005721907131373882, -0.005721907131373882, -0.005721907131373882, -0.005721907131373882, -0.005721907131373882, -0.005721907131373882, -0.005721907131373882, -0.005721907131373882, -0.005721907131373882, -0.005721907131373882, -0.005721907131373882, -0.005721907131373882, -0.005721907131373882, -0.005721907131373882, -0.005721907131373882, -0.005721907131373882, -0.005721907131373882, -0.005721907131373882, -0.005721907131373882, -0.005721907131373882, -0.005721907131373882, -0.005721907131373882, -0.005721907131373882, -0.005721907131373882, -0.005721907131373882, -0.005721907131373882, -0.005721907131373882, -0.005721907131373882, -0.005721907131373882, -0.005721907131373882, -0.005721907131373882, -0.005721907131373882, -0.005721907131373882, -0.005721907131373882]}, "gradients/graph_1MLP_model.linear_out.weight": {"_type": "histogram", "values": [1.0, 0.0, 0.0, 0.0, 0.0, 0.0, 0.0, 0.0, 0.0, 0.0, 0.0, 0.0, 0.0, 0.0, 1.0, 0.0, 0.0, 0.0, 1.0, 1.0, 1.0, 0.0, 0.0, 0.0, 1.0, 0.0, 1.0, 0.0, 1.0, 1.0, 0.0, 1.0, 0.0, 0.0, 0.0, 0.0, 2.0, 0.0, 1.0, 0.0, 0.0, 0.0, 0.0, 0.0, 0.0, 0.0, 0.0, 0.0, 0.0, 0.0, 0.0, 0.0, 0.0, 0.0, 0.0, 0.0, 0.0, 0.0, 0.0, 0.0, 0.0, 1.0, 0.0, 6.0], "bins": [-0.019003763794898987, -0.018706830218434334, -0.01840989664196968, -0.018112963065505028, -0.017816029489040375, -0.017519094049930573, -0.01722216047346592, -0.016925226897001266, -0.016628293320536613, -0.01633135974407196, -0.016034426167607307, -0.015737492591142654, -0.015440558083355427, -0.015143624506890774, -0.014846689999103546, -0.014549756422638893, -0.01425282284617424, -0.013955889269709587, -0.013658955693244934, -0.013362021185457706, -0.013065087608993053, -0.0127681540325284, -0.012471219524741173, -0.01217428594827652, -0.011877352371811867, -0.011580418795347214, -0.01128348521888256, -0.010986550711095333, -0.01068961713463068, -0.010392683558166027, -0.0100957490503788, -0.009798815473914146, -0.009501881897449493, -0.00920494832098484, -0.008908014744520187, -0.00861108023673296, -0.008314146660268307, -0.008017213083803654, -0.007720279041677713, -0.007423344999551773, -0.00712641142308712, -0.006829477846622467, -0.006532543804496527, -0.006235609762370586, -0.005938676185905933, -0.00564174260944128, -0.00534480856731534, -0.0050478745251894, -0.004750940948724747, -0.004454007372260094, -0.004157073330134153, -0.0038601395208388567, -0.00356320571154356, -0.0032662719022482634, -0.0029693380929529667, -0.00267240428365767, -0.0023754704743623734, -0.0020785366650670767, -0.00178160285577178, -0.0014846690464764833, -0.0011877352371811867, -0.00089080142788589, -0.0005938676185905933, -0.00029693380929529667, 0.0]}, "gradients/graph_1MLP_model.linear.bias": {"_type": "histogram", "values": [1.0, 0.0, 0.0, 0.0, 0.0, 0.0, 0.0, 0.0, 0.0, 0.0, 0.0, 0.0, 0.0, 0.0, 0.0, 0.0, 0.0, 0.0, 1.0, 0.0, 0.0, 0.0, 0.0, 0.0, 0.0, 0.0, 0.0, 0.0, 0.0, 0.0, 2.0, 0.0, 0.0, 0.0, 0.0, 0.0, 0.0, 0.0, 1.0, 0.0, 1.0, 0.0, 1.0, 1.0, 2.0, 0.0, 0.0, 1.0, 0.0, 0.0, 0.0, 2.0, 0.0, 0.0, 0.0, 0.0, 0.0, 0.0, 0.0, 0.0, 0.0, 0.0, 0.0, 7.0], "bins": [-0.005405008792877197, -0.0053192623890936375, -0.00523351551964879, -0.0051477691158652306, -0.005062022712081671, -0.004976275842636824, -0.004890529438853264, -0.004804783035069704, -0.004719036631286144, -0.0046332902275025845, -0.004547543358057737, -0.0044617969542741776, -0.004376050550490618, -0.004290303681045771, -0.004204557277262211, -0.004118810873478651, -0.004033064004033804, -0.003947317600250244, -0.0038615709636360407, -0.0037758243270218372, -0.0036900779232382774, -0.003604331286624074, -0.0035185846500098705, -0.0034328382462263107, -0.0033470916096121073, -0.003261344972997904, -0.003175598569214344, -0.0030898519326001406, -0.003004105295985937, -0.0029183588922023773, -0.002832612255588174, -0.0027468656189739704, -0.002661118982359767, -0.0025753723457455635, -0.0024896259419620037, -0.0024038793053478003, -0.002318132668733597, -0.002232386264950037, -0.0021466396283358335, -0.00206089299172163, -0.0019751465879380703, -0.0018894000677391887, -0.001803653547540307, -0.0017179069109261036, -0.001632160390727222, -0.0015464138705283403, -0.0014606672339141369, -0.0013749207137152553, -0.0012891741935163736, -0.001203427673317492, -0.0011176811531186104, -0.001031934516504407, -0.0009461879963055253, -0.0008604414761066437, -0.0007746948977001011, -0.0006889483192935586, -0.000603201799094677, -0.0005174552788957953, -0.0004317087004892528, -0.0003459621511865407, -0.00026021560188382864, -0.00017446905258111656, -8.872250327840447e-05, -2.9759248718619347e-06, 8.277059532701969e-05]}, "gradients/graph_1MLP_model.linear.weight": {"_type": "histogram", "values": [1.0, 0.0, 0.0, 0.0, 0.0, 0.0, 0.0, 0.0, 1.0, 0.0, 0.0, 0.0, 0.0, 0.0, 0.0, 0.0, 0.0, 0.0, 1.0, 0.0, 0.0, 0.0, 0.0, 0.0, 1.0, 0.0, 0.0, 0.0, 0.0, 0.0, 2.0, 0.0, 0.0, 0.0, 1.0, 1.0, 0.0, 0.0, 1.0, 0.0, 1.0, 1.0, 1.0, 2.0, 2.0, 1.0, 2.0, 2.0, 0.0, 2.0, 0.0, 2.0, 1.0, 2.0, 0.0, 2.0, 0.0, 1.0, 4.0, 2.0, 2.0, 4.0, 22.0, 35.0],