{"custom_epoch": 0, "_timestamp": 1687504369.5970266, "_runtime": 45.90985870361328, "_step": 0, "_wandb": {"runtime": 21}}