{"best test recall": 0.05403281446269541, "yelp2018/recall@20": 0.035696680772388696, "yelp2018/ndcg@20": 0.031695083120542415, "_timestamp": 1686085688.5061796, "_runtime": 5207.661719560623, "_step": 46, "_wandb": {"runtime": 5274}}