{"custom_epoch": 0, "_timestamp": 1687342901.0405965, "_runtime": 25.49552059173584, "_step": 0, "_wandb": {"runtime": 20}}