{"custom_epoch": 0, "_timestamp": 1686897510.627987, "_runtime": 22.584975004196167, "_step": 0, "_wandb": {"runtime": 23}}