{"custom_epoch": 3, "_timestamp": 1687506704.0199766, "_runtime": 230.8904905319214, "_step": 77, "yelp2018/loss": 5.006869555309119, "yelp2018/training_time": 56.027541160583496, "best test recall": 0.05726825276620882, "yelp2018/recall@20": 0.05726825276620882, "yelp2018/ndcg@20": 0.047617382616247296, "yelp2018/precision@20": 0.02609732221801188, "yelp2018/groups/recall_group_1@20": 4.219415749638669e-05, "yelp2018/groups/recall_group_2@20": 0.00011915532149947615, "yelp2018/groups/recall_group_3@20": 0.00014413203137737883, "yelp2018/groups/recall_group_4@20": 0.00023217901335650568, "yelp2018/groups/recall_group_5@20": 0.00041183963190373853, "yelp2018/groups/recall_group_6@20": 0.0006097807935686682, "yelp2018/groups/recall_group_7@20": 0.0011679857011150842, "yelp2018/groups/recall_group_8@20": 0.002735423279443925, "yelp2018/groups/recall_group_9@20": 0.006961696242616693, "yelp2018/groups/recall_group_10@20": 0.044843866593830974, "yelp2018/recall@40": 0.09498191062689672, "yelp2018/ndcg@40": 0.061817079249800434, "yelp2018/precision@40": 0.021773556902867242, "yelp2018/groups/recall_group_1@40": 0.00018999723620620075, "yelp2018/groups/recall_group_2@40": 0.0003126203474132534, "yelp2018/groups/recall_group_3@40": 0.0004382823940720001, "yelp2018/groups/recall_group_4@40": 0.0007045643427385063, "yelp2018/groups/recall_group_5@40": 0.0010488642342150912, "yelp2018/groups/recall_group_6@40": 0.0017822154085883983, "yelp2018/groups/recall_group_7@40": 0.002704592920313044, "yelp2018/groups/recall_group_8@40": 0.005676809771443869, "yelp2018/groups/recall_group_9@40": 0.01321158441257697, "yelp2018/groups/recall_group_10@40": 0.06891237955932938, "gradients/graph_1MLP_model.linear_out.bias": {"_type": "histogram", "values": [0.0, 0.0, 0.0, 0.0, 0.0, 0.0, 0.0, 0.0, 0.0, 0.0, 0.0, 0.0, 0.0, 0.0, 0.0, 0.0, 0.0, 0.0, 0.0, 0.0, 0.0, 0.0, 0.0, 0.0, 0.0, 0.0, 0.0, 0.0, 0.0, 0.0, 0.0, 0.0, 1.0, 0.0, 0.0, 0.0, 0.0, 0.0, 0.0, 0.0, 0.0, 0.0, 0.0, 0.0, 0.0, 0.0, 0.0, 0.0, 0.0, 0.0, 0.0, 0.0, 0.0, 0.0, 0.0, 0.0, 0.0, 0.0, 0.0, 0.0, 0.0, 0.0, 0.0, 0.0], "bins": [-0.005039871204644442, -0.005039871204644442, -0.005039871204644442, -0.005039871204644442, -0.005039871204644442, -0.005039871204644442, -0.005039871204644442, -0.005039871204644442, -0.005039871204644442, -0.005039871204644442, -0.005039871204644442, -0.005039871204644442, -0.005039871204644442, -0.005039871204644442, -0.005039871204644442, -0.005039871204644442, -0.005039871204644442, -0.005039871204644442, -0.005039871204644442, -0.005039871204644442, -0.005039871204644442, -0.005039871204644442, -0.005039871204644442, -0.005039871204644442, -0.005039871204644442, -0.005039871204644442, -0.005039871204644442, -0.005039871204644442, -0.005039871204644442, -0.005039871204644442, -0.005039871204644442, -0.005039871204644442, -0.005039871204644442, -0.005039871204644442, -0.005039871204644442, -0.005039871204644442, -0.005039871204644442, -0.005039871204644442, -0.005039871204644442, -0.005039871204644442, -0.005039871204644442, -0.005039871204644442, -0.005039871204644442, -0.005039871204644442, -0.005039871204644442, -0.005039871204644442, -0.005039871204644442, -0.005039871204644442, -0.005039871204644442, -0.005039871204644442, -0.005039871204644442, -0.005039871204644442, -0.005039871204644442, -0.005039871204644442, -0.005039871204644442, -0.005039871204644442, -0.005039871204644442, -0.005039871204644442, -0.005039871204644442, -0.005039871204644442, -0.005039871204644442, -0.005039871204644442, -0.005039871204644442, -0.005039871204644442, -0.005039871204644442]}, "gradients/graph_1MLP_model.linear_out.weight": {"_type": "histogram", "values": [1.0, 0.0, 0.0, 0.0, 0.0, 0.0, 0.0, 0.0, 0.0, 0.0, 0.0, 0.0, 0.0, 0.0, 1.0, 0.0, 0.0, 0.0, 1.0, 0.0, 1.0, 1.0, 0.0, 0.0, 0.0, 1.0, 0.0, 1.0, 1.0, 0.0, 1.0, 1.0, 0.0, 0.0, 0.0, 1.0, 1.0, 0.0, 1.0, 0.0, 0.0, 0.0, 0.0, 0.0, 0.0, 0.0, 0.0, 0.0, 0.0, 0.0, 0.0, 0.0, 0.0, 0.0, 0.0, 0.0, 0.0, 0.0, 0.0, 0.0, 0.0, 0.0, 1.0, 6.0], "bins": [-0.017130259424448013, -0.016862599179148674, -0.016594938933849335, -0.016327278688549995, -0.016059618443250656, -0.015791958197951317, -0.015524297952651978, -0.015256637707352638, -0.014988977462053299, -0.01472131721675396, -0.01445365697145462, -0.014185996726155281, -0.013918336480855942, -0.013650676235556602, -0.013383015990257263, -0.013115355744957924, -0.01284769456833601, -0.01258003432303667, -0.012312374077737331, -0.012044713832437992, -0.011777053587138653, -0.011509393341839314, -0.011241733096539974, -0.01097407191991806, -0.010706411674618721, -0.010438751429319382, -0.010171091184020042, -0.009903430938720703, -0.009635770693421364, -0.009368110448122025, -0.009100450202822685, -0.008832789957523346, -0.008565129712224007, -0.008297469466924667, -0.008029809221625328, -0.007762148976325989, -0.0074944887310266495, -0.00722682848572731, -0.006959167774766684, -0.006691507529467344, -0.006423847284168005, -0.006156187038868666, -0.005888526793569326, -0.005620866548269987, -0.0053532058373093605, -0.005085545592010021, -0.004817885346710682, -0.004550225101411343, -0.004282564856112003, -0.004014904610812664, -0.0037472443655133247, -0.003479583887383342, -0.0032119236420840025, -0.002944263396784663, -0.0026766029186546803, -0.002408942673355341, -0.0021412824280560017, -0.0018736221827566624, -0.0016059618210420012, -0.0013383014593273401, -0.0010706412140280008, -0.0008029809687286615, -0.0005353206070140004, -0.0002676602452993393, 0.0]}, "gradients/graph_1MLP_model.linear.bias": {"_type": "histogram", "values": [1.0, 0.0, 0.0, 0.0, 0.0, 0.0, 0.0, 0.0, 0.0, 0.0, 0.0, 0.0, 0.0, 0.0, 0.0, 0.0, 0.0, 0.0, 0.0, 1.0, 0.0, 0.0, 0.0, 0.0, 0.0, 0.0, 0.0, 0.0, 0.0, 0.0, 2.0, 0.0, 0.0, 0.0, 0.0, 0.0, 0.0, 0.0, 1.0, 0.0, 0.0, 1.0, 1.0, 1.0, 1.0, 1.0, 0.0, 1.0, 0.0, 0.0, 0.0, 2.0, 0.0, 0.0, 0.0, 0.0, 0.0, 0.0, 0.0, 0.0, 0.0, 0.0, 0.0, 7.0], "bins": [-0.004823530558496714, -0.004747175145894289, -0.004670820198953152, -0.004594464786350727, -0.0045181093737483025, -0.004441753961145878, -0.0043653990142047405, -0.004289043601602316, -0.004212688188999891, -0.004136332776397467, -0.004059977829456329, -0.003983622416853905, -0.00390726700425148, -0.003830911824479699, -0.0037545564118772745, -0.0036782012321054935, -0.003601845819503069, -0.003525490639731288, -0.0034491352271288633, -0.0033727800473570824, -0.0032964246347546577, -0.0032200694549828768, -0.003143714042380452, -0.003067358862608671, -0.0029910036828368902, -0.0029146485030651093, -0.0028382930904626846, -0.0027619379106909037, -0.002685582498088479, -0.002609227318316698, -0.0025328719057142735, -0.0024565167259424925, -0.002380161313340068, -0.002303806133568287, -0.0022274507209658623, -0.0021510955411940813, -0.0020747401285916567, -0.0019983849488198757, -0.001922029536217451, -0.0018456743564456701, -0.0017693190602585673, -0.0016929637640714645, -0.0016166084678843617, -0.001540253171697259, -0.0014638978755101562, -0.0013875425793230534, -0.0013111873995512724, -0.0012348319869488478, -0.0011584768071770668, -0.001082121510989964, -0.0010057662148028612, -0.0009294109186157584, -0.0008530556224286556, -0.0007767003262415528, -0.000700345088262111, -0.0006239897920750082, -0.0005476344376802444, -0.00047127914149314165, -0.00039492384530603886, -0.0003185685782227665, -0.00024221328203566372, -0.00016585798584856093, -8.950271876528859e-05, -1.3147422578185797e-05, 6.320784450508654e-05]}, "gradients/graph_1MLP_model.linear.weight": {"_type": "histogram", "values": [1.0, 0.0, 0.0, 0.0, 0.0, 0.0, 0.0, 0.0, 0.0, 0.0, 1.0, 0.0, 0.0, 0.0, 0.0, 0.0, 0.0, 0.0, 0.0, 1.0, 0.0, 0.0, 0.0, 0.0, 0.0, 0.0, 1.0, 0.0, 0.0, 0.0, 2.0, 0.0, 0.0, 0.0, 0.0, 1.0, 1.0, 0.0, 1.0, 0.0, 0.0, 1.0, 2.0, 1.0, 2.0, 1.0, 1.0, 3.0, 1.0, 1.0, 1.0, 2.0, 0.0, 3.0, 0.0, 0.0, 2.0, 1.0, 2.0, 4.0, 2.0, 3.0, 23.0, 35.0],