{"best test recall": 0.0697142441353818, "yelp2018/recall@20": 0.06873553183347245, "yelp2018/ndcg@20": 0.05662624772676109, "_timestamp": 1686075883.0287437, "_runtime": 11942.193992853165, "_step": 180, "_wandb": {"runtime": 12002}}