{"custom_epoch": 0, "_timestamp": 1689490110.2882886, "_runtime": 6.911259651184082, "_step": 0, "_wandb": {"runtime": 6}}