{"custom_epoch": 3, "_timestamp": 1687346843.7656662, "_runtime": 133.508944272995, "_step": 75, "yelp2018/loss": -0.9085756982399138, "yelp2018/training_time": 21.366223573684692, "best test recall": 0.00045020997139969763, "yelp2018/recall@20": 0.00038171534954145424, "yelp2018/ndcg@20": 0.0003453250343307735, "yelp2018/precision@20": 0.00024472653782998613, "yelp2018/groups/recall_group_1@20": 0.00028823557625872533, "yelp2018/groups/recall_group_2@20": 4.4634712122396845e-05, "yelp2018/groups/recall_group_3@20": 1.503696084976873e-05, "yelp2018/groups/recall_group_4@20": 5.262936297419056e-06, "yelp2018/groups/recall_group_5@20": 4.511088254930619e-06, "yelp2018/groups/recall_group_6@20": 2.4034075758213688e-05, "yelp2018/groups/recall_group_7@20": 0.0, "yelp2018/groups/recall_group_8@20": 0.0, "yelp2018/groups/recall_group_9@20": 0.0, "yelp2018/groups/recall_group_10@20": 0.0, "yelp2018/recall@40": 0.0007453418685305217, "yelp2018/ndcg@40": 0.0004920127984704692, "yelp2018/precision@40": 0.000251042061386889, "yelp2018/groups/recall_group_1@40": 0.0005619678653972053, "yelp2018/groups/recall_group_2@40": 8.667039657749306e-05, "yelp2018/groups/recall_group_3@40": 3.715496326333765e-05, "yelp2018/groups/recall_group_4@40": 1.8659501418122106e-05, "yelp2018/groups/recall_group_5@40": 7.381780780795559e-06, "yelp2018/groups/recall_group_6@40": 3.350736109356799e-05, "yelp2018/groups/recall_group_7@40": 0.0, "yelp2018/groups/recall_group_8@40": 0.0, "yelp2018/groups/recall_group_9@40": 0.0, "yelp2018/groups/recall_group_10@40": 0.0, "gradients/graph_1MLP_model.linear_out.bias": {"_type": "histogram", "values": [0.0, 0.0, 0.0, 0.0, 0.0, 0.0, 0.0, 0.0, 0.0, 0.0, 0.0, 0.0, 0.0, 0.0, 0.0, 0.0, 0.0, 0.0, 0.0, 0.0, 0.0, 0.0, 0.0, 0.0, 0.0, 0.0, 0.0, 0.0, 0.0, 0.0, 0.0, 0.0, 1.0, 0.0, 0.0, 0.0, 0.0, 0.0, 0.0, 0.0, 0.0, 0.0, 0.0, 0.0, 0.0, 0.0, 0.0, 0.0, 0.0, 0.0, 0.0, 0.0, 0.0, 0.0, 0.0, 0.0, 0.0, 0.0, 0.0, 0.0, 0.0, 0.0, 0.0, 0.0], "bins": [0.0019321999279782176, 0.0019321999279782176, 0.0019321999279782176, 0.0019321999279782176, 0.0019321999279782176, 0.0019321999279782176, 0.0019321999279782176, 0.0019321999279782176, 0.0019321999279782176, 0.0019321999279782176, 0.0019321999279782176, 0.0019321999279782176, 0.0019321999279782176, 0.0019321999279782176, 0.0019321999279782176, 0.0019321999279782176, 0.0019321999279782176, 0.0019321999279782176, 0.0019321999279782176, 0.0019321999279782176, 0.0019321999279782176, 0.0019321999279782176, 0.0019321999279782176, 0.0019321999279782176, 0.0019321999279782176, 0.0019321999279782176, 0.0019321999279782176, 0.0019321999279782176, 0.0019321999279782176, 0.0019321999279782176, 0.0019321999279782176, 0.0019321999279782176, 0.0019321999279782176, 0.0019321999279782176, 0.0019321999279782176, 0.0019321999279782176, 0.0019321999279782176, 0.0019321999279782176, 0.0019321999279782176, 0.0019321999279782176, 0.0019321999279782176, 0.0019321999279782176, 0.0019321999279782176, 0.0019321999279782176, 0.0019321999279782176, 0.0019321999279782176, 0.0019321999279782176, 0.0019321999279782176, 0.0019321999279782176, 0.0019321999279782176, 0.0019321999279782176, 0.0019321999279782176, 0.0019321999279782176, 0.0019321999279782176, 0.0019321999279782176, 0.0019321999279782176, 0.0019321999279782176, 0.0019321999279782176, 0.0019321999279782176, 0.0019321999279782176, 0.0019321999279782176, 0.0019321999279782176, 0.0019321999279782176, 0.0019321999279782176, 0.0019321999279782176]}, "gradients/graph_1MLP_model.linear_out.weight": {"_type": "histogram", "values": [7.0, 1.0, 0.0, 0.0, 1.0, 0.0, 0.0, 0.0, 0.0, 0.0, 0.0, 0.0, 0.0, 0.0, 1.0, 0.0, 0.0, 0.0, 0.0, 0.0, 0.0, 0.0, 0.0, 1.0, 0.0, 0.0, 2.0, 2.0, 1.0, 0.0, 0.0, 0.0, 0.0, 0.0, 0.0, 0.0, 1.0, 0.0, 0.0, 0.0, 0.0, 1.0, 0.0, 0.0, 0.0, 0.0, 0.0, 0.0, 0.0, 0.0, 0.0, 0.0, 0.0, 0.0, 0.0, 0.0, 0.0, 0.0, 0.0, 0.0, 1.0, 0.0, 0.0, 1.0], "bins": [0.0, 9.496988786850125e-05, 0.0001899397757370025, 0.00028490967815741897, 0.000379879551474005, 0.000474849424790591, 0.0005698193563148379, 0.000664789229631424, 0.00075975910294801, 0.000854728976264596, 0.000949698849581182, 0.001044668722897768, 0.0011396387126296759, 0.00123460846953094, 0.001329578459262848, 0.001424548332579434, 0.00151951820589602, 0.001614488079212606, 0.001709457952529192, 0.0018044279422610998, 0.001899397699162364, 0.001994367688894272, 0.002089337445795536, 0.002184307435527444, 0.0022792774252593517, 0.0023742474149912596, 0.0024692171718925238, 0.0025641871616244316, 0.002659156918525696, 0.0027541269082576036, 0.0028490968979895115, 0.0029440666548907757, 0.00303903641179204, 0.0031340064015239477, 0.003228976158425212, 0.0033239461481571198, 0.003418915905058384, 0.003513885894790292, 0.0036088558845221996, 0.003703825641423464, 0.003798795398324728, 0.003893765388056636, 0.003988735377788544, 0.004083705134689808, 0.004178674891591072, 0.004273644648492336, 0.004368614871054888, 0.004463584627956152, 0.0045585548505187035, 0.004653524607419968, 0.004748494829982519, 0.004843464586883783, 0.0049384343437850475, 0.005033404100686312, 0.005128374323248863, 0.005223344080150127, 0.005318313837051392, 0.005413283593952656, 0.005508253816515207, 0.0056032235734164715, 0.005698193330317736, 0.005793163087219, 0.005888133309781551, 0.0059831030666828156, 0.00607807282358408]}, "gradients/graph_1MLP_model.linear.bias": {"_type": "histogram", "values": [1.0, 0.0, 0.0, 0.0, 0.0, 0.0, 0.0, 0.0, 0.0, 0.0, 0.0, 0.0, 0.0, 0.0, 0.0, 0.0, 0.0, 0.0, 0.0, 0.0, 0.0, 0.0, 0.0, 1.0, 0.0, 1.0, 0.0, 0.0, 0.0, 0.0, 0.0, 1.0, 0.0, 0.0, 0.0, 0.0, 0.0, 1.0, 0.0, 0.0, 0.0, 0.0, 0.0, 0.0, 0.0, 2.0, 1.0, 0.0, 0.0, 0.0, 0.0, 0.0, 0.0, 0.0, 0.0, 0.0, 8.0, 1.0, 1.0, 0.0, 1.0, 0.0, 0.0, 1.0], "bins": [-0.0011324369115754962, -0.0011122605064883828, -0.0010920842178165913, -0.0010719078127294779, -0.0010517315240576863, -0.001031555118970573, -0.0010113788302987814, -0.000991202425211668, -0.0009710260783322155, -0.0009508497314527631, -0.0009306733845733106, -0.0009104970376938581, -0.0008903206908144057, -0.0008701443439349532, -0.0008499679388478398, -0.0008297915919683874, -0.0008096152450889349, -0.0007894388982094824, -0.00076926255133003, -0.0007490862044505775, -0.000728909857571125, -0.0007087334524840117, -0.0006885571638122201, -0.0006683807587251067, -0.0006482044700533152, -0.0006280281231738627, -0.0006078517762944102, -0.0005876754294149578, -0.0005674990825355053, -0.0005473226774483919, -0.0005271463887766004, -0.000506969983689487, -0.0004867936368100345, -0.00046661728993058205, -0.0004464409430511296, -0.0004262645961716771, -0.0004060882201883942, -0.0003859118733089417, -0.00036573552642948925, -0.00034555915044620633, -0.00032538280356675386, -0.0003052064566873014, -0.00028503010980784893, -0.00026485376292839646, -0.00024467738694511354, -0.00022450104006566107, -0.0002043246931862086, -0.0001841483317548409, -0.00016397199942730367, -0.0001437956525478512, -0.0001236192911164835, -0.00010344294423703104, -8.326659008162096e-05, -6.309023592621088e-05, -4.291388904675841e-05, -2.2737527615390718e-05, -2.561180735938251e-06, 1.7615171600482427e-05, 3.7791523936903104e-05, 5.796787445433438e-05, 7.814422860974446e-05, 9.832058276515454e-05, 0.00011849692964460701, 0.0001386732910759747, 0.00015884963795542717]}, "gradients/graph_1MLP_model.linear.weight": {"_type": "histogram", "values": [1.0, 1.0, 0.0, 0.0, 0.0, 0.0, 0.0, 0.0, 0.0, 0.0, 0.0, 0.0, 0.0, 0.0, 0.0, 0.0, 0.0, 0.0, 0.0, 0.0, 0.0, 0.0, 0.0, 2.0, 0.0, 2.0, 0.0, 0.0, 0.0, 0.0, 1.0, 1.0, 0.0, 0.0, 0.0, 0.0, 0.0, 2.0, 0.0, 0.0, 0.0, 0.0, 1.0, 0.0, 2.0, 4.0, 0.0, 0.0, 2.0, 1.0, 0.0, 1.0, 0.0, 3.0, 4.0, 58.0, 5.0, 3.0, 2.0, 0.0, 2.0, 0.0, 1.0, 1.0],