{"custom_epoch": 59, "_timestamp": 1689344896.9757864, "_runtime": 4208.791358470917, "_step": 1477, "yelp2018/loss": 2.754338846696134, "yelp2018/training_time": 59.79236960411072, "best test recall": 0.06365163803050042, "yelp2018/recall@20": 0.05147294340790223, "yelp2018/ndcg@20": 0.04212498543541885, "yelp2018/precision@20": 0.02314481495515979, "yelp2018/groups/recall_group_1@20": 0.0006308010690324899, "yelp2018/groups/recall_group_2@20": 0.0007134221729333209, "yelp2018/groups/recall_group_3@20": 0.0008765862928903545, "yelp2018/groups/recall_group_4@20": 0.0011256983946697063, "yelp2018/groups/recall_group_5@20": 0.0017485343594420696, "yelp2018/groups/recall_group_6@20": 0.0030737894814384355, "yelp2018/groups/recall_group_7@20": 0.004558773556047472, "yelp2018/groups/recall_group_8@20": 0.008071173223491254, "yelp2018/groups/recall_group_9@20": 0.014190446203810308, "yelp2018/groups/recall_group_10@20": 0.016483718654146832, "yelp2018/recall@40": 0.08571850700123305, "yelp2018/ndcg@40": 0.05514826889540439, "yelp2018/precision@40": 0.01948260073260073, "yelp2018/groups/recall_group_1@40": 0.0014495862351945098, "yelp2018/groups/recall_group_2@40": 0.0014946277706079775, "yelp2018/groups/recall_group_3@40": 0.0017986930385020105, "yelp2018/groups/recall_group_4@40": 0.0022611229608635658, "yelp2018/groups/recall_group_5@40": 0.0032898215583038576, "yelp2018/groups/recall_group_6@40": 0.0054486149416239135, "yelp2018/groups/recall_group_7@40": 0.007758305110898962, "yelp2018/groups/recall_group_8@40": 0.012760886332886094, "yelp2018/groups/recall_group_9@40": 0.02210090866865473, "yelp2018/groups/recall_group_10@40": 0.027355940383697427, "gradients/embedding_user.weight": {"_type": "histogram", "values": [1.0, 0.0, 0.0, 0.0, 2.0, 0.0, 2.0, 0.0, 1.0, 4.0, 4.0, 5.0, 5.0, 9.0, 20.0, 16.0, 31.0, 60.0, 74.0, 117.0, 195.0, 266.0, 379.0, 512.0, 832.0, 1004.0, 1459.0, 1858.0, 2604.0, 3366.0, 4400.0, 5437.0, 6697.0, 8264.0, 9336.0, 70089.0, 1839193.0, 25151.0, 9207.0, 8031.0, 6472.0, 5255.0, 4130.0, 3248.0, 2458.0, 1853.0, 1401.0, 971.0, 717.0, 511.0, 341.0, 221.0, 176.0, 116.0, 86.0, 58.0, 35.0, 24.0, 17.0, 14.0, 8.0, 4.0, 4.0, 1.0], "bins": [-0.0005881651304662228, -0.0005720159388147295, -0.0005558668053708971, -0.0005397176137194037, -0.0005235684802755713, -0.000507419288624078, -0.0004912701551802456, -0.0004751209635287523, -0.00045897180098108947, -0.0004428226384334266, -0.00042667347588576376, -0.0004105243133381009, -0.0003943751216866076, -0.0003782259882427752, -0.0003620767965912819, -0.00034592763404361904, -0.0003297784714959562, -0.00031362930894829333, -0.0002974801464006305, -0.0002813309838529676, -0.00026518182130530477, -0.00024903262965381145, -0.0002328834671061486, -0.00021673430455848575, -0.0002005851420108229, -0.00018443597946316004, -0.00016828681691549718, -0.0001521376398159191, -0.00013598847726825625, -0.00011983931472059339, -0.00010369014489697292, -8.754097507335246e-05, -7.139175431802869e-05, -5.524258813238703e-05, -3.9093421946745366e-05, -2.2944255761103705e-05, -6.795089575462043e-06, 9.354072972200811e-06, 2.550324279582128e-05, 4.165241261944175e-05, 5.78015751671046e-05, 7.395073771476746e-05, 9.009990753838792e-05, 0.00010624907736200839, 0.00012239823990967125, 0.0001385474024573341, 0.00015469657955691218, 0.00017084574210457504, 0.0001869949046522379, 0.00020314406719990075, 0.0002192932297475636, 0.00023544240684714168, 0.0002515915548428893, 0.0002677407464943826, 0.0002838899090420455, 0.00030003907158970833, 0.0003161882341373712, 0.00033233739668503404, 0.0003484865592326969, 0.00036463572178035975, 0.00038078491343185306, 0.00039693404687568545, 0.00041308323852717876, 0.0004292324010748416, 0.00044538156362250447]}, "gradients/graph_1model.embedding_user.weight": {"_type": "histogram", "values": [1.0, 0.0, 0.0, 0.0, 2.0, 0.0, 2.0, 0.0, 1.0, 4.0, 4.0, 5.0, 5.0, 9.0, 20.0, 16.0, 31.0, 60.0, 74.0, 117.0, 195.0, 266.0, 379.0, 512.0, 832.0, 1004.0, 1459.0, 1858.0, 2604.0, 3366.0, 4400.0, 5437.0, 6697.0, 8264.0, 9336.0, 70089.0, 1839193.0, 25151.0, 9207.0, 8031.0, 6472.0, 5255.0, 4130.0, 3248.0, 2458.0, 1853.0, 1401.0, 971.0, 717.0, 511.0, 341.0, 221.0, 176.0, 116.0, 86.0, 58.0, 35.0, 24.0, 17.0, 14.0, 8.0, 4.0, 4.0, 1.0], "bins": [-0.0005881651304662228, -0.0005720159388147295, -0.0005558668053708971, -0.0005397176137194037, -0.0005235684802755713, -0.000507419288624078, -0.0004912701551802456, -0.0004751209635287523, -0.00045897180098108947, -0.0004428226384334266, -0.00042667347588576376, -0.0004105243133381009, -0.0003943751216866076, -0.0003782259882427752, -0.0003620767965912819, -0.00034592763404361904, -0.0003297784714959562, -0.00031362930894829333, -0.0002974801464006305, -0.0002813309838529676, -0.00026518182130530477, -0.00024903262965381145, -0.0002328834671061486, -0.00021673430455848575, -0.0002005851420108229, -0.00018443597946316004, -0.00016828681691549718, -0.0001521376398159191, -0.00013598847726825625, -0.00011983931472059339, -0.00010369014489697292, -8.754097507335246e-05, -7.139175431802869e-05, -5.524258813238703e-05, -3.9093421946745366e-05, -2.2944255761103705e-05, -6.795089575462043e-06, 9.354072972200811e-06, 2.550324279582128e-05, 4.165241261944175e-05, 5.78015751671046e-05, 7.395073771476746e-05, 9.009990753838792e-05, 0.00010624907736200839, 0.00012239823990967125, 0.0001385474024573341, 0.00015469657955691218, 0.00017084574210457504, 0.0001869949046522379, 0.00020314406719990075, 0.0002192932297475636, 0.00023544240684714168, 0.0002515915548428893, 0.0002677407464943826, 0.0002838899090420455, 0.00030003907158970833, 0.0003161882341373712, 0.00033233739668503404, 0.0003484865592326969, 0.00036463572178035975, 0.00038078491343185306, 0.00039693404687568545, 0.00041308323852717876, 0.0004292324010748416, 0.00044538156362250447]}, "gradients/embedding_item.weight": {"_type": "histogram", "values": [1.0, 0.0, 0.0, 0.0, 0.0, 0.0, 4.0, 9.0, 7.0, 7.0, 14.0, 18.0, 25.0, 34.0, 66.0, 75.0, 133.0, 204.0, 301.0, 473.0, 777.0, 1105.0, 1770.0, 2723.0, 4048.0, 5877.0, 8314.0, 11075.0, 14119.0, 17247.0, 20759.0, 192245.0, 2040544.0, 34069.0, 19004.0, 15932.0, 12562.0, 9648.0, 7052.0, 5060.0, 3277.0, 2354.0, 1466.0, 910.0, 611.0, 411.0, 250.0, 150.0, 103.0, 66.0, 48.0, 37.0, 24.0, 19.0, 7.0, 12.0, 5.0, 6.0, 6.0, 2.0, 4.0, 0.0, 2.0, 1.0], "bins": [-0.00046184647362679243, -0.0004475383320823312, -0.00043323019053786993, -0.0004189220489934087, -0.00040461390744894743, -0.0003903057659044862, -0.00037599762436002493, -0.0003616894828155637, -0.00034738134127110243, -0.0003330731997266412, -0.00031876505818217993, -0.0003044569166377187, -0.00029014877509325743, -0.0002758406335487962, -0.0002615324920043349, -0.0002472243504598737, -0.00023291620891541243, -0.00021860806737095118, -0.00020429992582648993, -0.00018999178428202868, -0.00017568364273756742, -0.00016137550119310617, -0.00014706735964864492, -0.00013275921810418367, -0.00011845107655972242, -0.00010414293501526117, -8.983479347079992e-05, -7.552665192633867e-05, -6.121851038187742e-05, -4.691036883741617e-05, -3.260222729295492e-05, -1.829408574849367e-05, -3.985944204032421e-06, 1.032219734042883e-05, 2.463033888489008e-05, 3.893848042935133e-05, 5.324662197381258e-05, 6.755476351827383e-05, 8.186290506273508e-05, 9.617104660719633e-05, 0.00011047918815165758, 0.00012478732969611883, 0.00013909547124058008, 0.00015340361278504133, 0.00016771175432950258, 0.00018201989587396383, 0.00019632803741842508, 0.00021063617896288633, 0.00022494432050734758, 0.00023925246205180883, 0.0002535606035962701, 0.00026786874514073133, 0.0002821768866851926, 0.00029648502822965384, 0.0003107931697741151, 0.00032510131131857634, 0.0003394094528630376, 0.00035371759440749884, 0.0003680257359519601, 0.00038233387749642134, 0.0003966420190408826, 0.00041095016058534384, 0.0004252583021298051, 0.00043956644367426634, 0.0004538745852187276]}, "gradients/graph_1model.embedding_item.weight": {"_type": "histogram",