{"custom_epoch": 0, "_timestamp": 1686897605.5658183, "_runtime": 22.1668062210083, "_step": 0, "_wandb": {"runtime": 78}}