{"custom_epoch": 7, "_timestamp": 1687505445.6516063, "_runtime": 498.2328383922577, "_step": 179, "yelp2018/loss": 4.650446752838741, "yelp2018/training_time": 58.61546587944031, "best test recall": 0.06496604861440707, "yelp2018/recall@20": 0.06496604861440707, "yelp2018/ndcg@20": 0.053905178125075406, "yelp2018/precision@20": 0.02918245547555892, "yelp2018/groups/recall_group_1@20": 0.00034690012443034545, "yelp2018/groups/recall_group_2@20": 0.0003804884386543865, "yelp2018/groups/recall_group_3@20": 0.00045945990822428496, "yelp2018/groups/recall_group_4@20": 0.0005602207862377098, "yelp2018/groups/recall_group_5@20": 0.0009113081686845198, "yelp2018/groups/recall_group_6@20": 0.0014712867517487627, "yelp2018/groups/recall_group_7@20": 0.0024755829365785817, "yelp2018/groups/recall_group_8@20": 0.004304503831115715, "yelp2018/groups/recall_group_9@20": 0.008844929661331434, "yelp2018/groups/recall_group_10@20": 0.04521136800740132, "yelp2018/recall@40": 0.10637035858309647, "yelp2018/ndcg@40": 0.0694895019720413, "yelp2018/precision@40": 0.024064513073133766, "yelp2018/groups/recall_group_1@40": 0.0009441919023926541, "yelp2018/groups/recall_group_2@40": 0.0008146634903841191, "yelp2018/groups/recall_group_3@40": 0.0009862060412588187, "yelp2018/groups/recall_group_4@40": 0.0013086525398639632, "yelp2018/groups/recall_group_5@40": 0.0020711505924702923, "yelp2018/groups/recall_group_6@40": 0.003216218128841453, "yelp2018/groups/recall_group_7@40": 0.0049742801345919055, "yelp2018/groups/recall_group_8@40": 0.008193026980688177, "yelp2018/groups/recall_group_9@40": 0.016221062956115282, "yelp2018/groups/recall_group_10@40": 0.06764090581648984, "gradients/graph_1MLP_model.linear_out.bias": {"_type": "histogram", "values": [0.0, 0.0, 0.0, 0.0, 0.0, 0.0, 0.0, 0.0, 0.0, 0.0, 0.0, 0.0, 0.0, 0.0, 0.0, 0.0, 0.0, 0.0, 0.0, 0.0, 0.0, 0.0, 0.0, 0.0, 0.0, 0.0, 0.0, 0.0, 0.0, 0.0, 0.0, 0.0, 1.0, 0.0, 0.0, 0.0, 0.0, 0.0, 0.0, 0.0, 0.0, 0.0, 0.0, 0.0, 0.0, 0.0, 0.0, 0.0, 0.0, 0.0, 0.0, 0.0, 0.0, 0.0, 0.0, 0.0, 0.0, 0.0, 0.0, 0.0, 0.0, 0.0, 0.0, 0.0], "bins": [-0.00022795618860982358, -0.00022795618860982358, -0.00022795618860982358, -0.00022795618860982358, -0.00022795618860982358, -0.00022795618860982358, -0.00022795618860982358, -0.00022795618860982358, -0.00022795618860982358, -0.00022795618860982358, -0.00022795618860982358, -0.00022795618860982358, -0.00022795618860982358, -0.00022795618860982358, -0.00022795618860982358, -0.00022795618860982358, -0.00022795618860982358, -0.00022795618860982358, -0.00022795618860982358, -0.00022795618860982358, -0.00022795618860982358, -0.00022795618860982358, -0.00022795618860982358, -0.00022795618860982358, -0.00022795618860982358, -0.00022795618860982358, -0.00022795618860982358, -0.00022795618860982358, -0.00022795618860982358, -0.00022795618860982358, -0.00022795618860982358, -0.00022795618860982358, -0.00022795618860982358, -0.00022795618860982358, -0.00022795618860982358, -0.00022795618860982358, -0.00022795618860982358, -0.00022795618860982358, -0.00022795618860982358, -0.00022795618860982358, -0.00022795618860982358, -0.00022795618860982358, -0.00022795618860982358, -0.00022795618860982358, -0.00022795618860982358, -0.00022795618860982358, -0.00022795618860982358, -0.00022795618860982358, -0.00022795618860982358, -0.00022795618860982358, -0.00022795618860982358, -0.00022795618860982358, -0.00022795618860982358, -0.00022795618860982358, -0.00022795618860982358, -0.00022795618860982358, -0.00022795618860982358, -0.00022795618860982358, -0.00022795618860982358, -0.00022795618860982358, -0.00022795618860982358, -0.00022795618860982358, -0.00022795618860982358, -0.00022795618860982358, -0.00022795618860982358]}, "gradients/graph_1MLP_model.linear_out.weight": {"_type": "histogram", "values": [1.0, 0.0, 0.0, 0.0, 0.0, 0.0, 0.0, 0.0, 0.0, 0.0, 0.0, 0.0, 0.0, 0.0, 0.0, 0.0, 0.0, 0.0, 0.0, 0.0, 0.0, 0.0, 0.0, 0.0, 0.0, 0.0, 0.0, 0.0, 0.0, 0.0, 0.0, 1.0, 1.0, 2.0, 2.0, 0.0, 0.0, 1.0, 0.0, 0.0, 1.0, 0.0, 2.0, 0.0, 1.0, 0.0, 1.0, 0.0, 0.0, 0.0, 0.0, 0.0, 0.0, 0.0, 0.0, 0.0, 0.0, 0.0, 0.0, 0.0, 0.0, 1.0, 0.0, 6.0], "bins": [-0.0009221179643645883, -0.0009077098802663386, -0.0008933017961680889, -0.0008788936538621783, -0.0008644855697639287, -0.000850077485665679, -0.0008356694015674293, -0.0008212613174691796, -0.00080685323337093, -0.0007924451492726803, -0.0007780370651744306, -0.0007636289810761809, -0.0007492208387702703, -0.0007348127546720207, -0.000720404670573771, -0.0007059965864755213, -0.0006915885023772717, -0.000677180418279022, -0.0006627723341807723, -0.0006483641918748617, -0.000633956107776612, -0.0006195480236783624, -0.0006051399395801127, -0.000590731855481863, -0.0005763237131759524, -0.0005619156290777028, -0.0005475075449794531, -0.0005330994026735425, -0.0005186913185752928, -0.0005042832344770432, -0.0004898751503787935, -0.0004754670662805438, -0.00046105898218229413, -0.00044665089808404446, -0.0004322427848819643, -0.00041783470078371465, -0.000403426616685465, -0.00038901850348338485, -0.0003746104193851352, -0.0003602023352868855, -0.0003457942511886358, -0.00033138616709038615, -0.000316978053888306, -0.00030256996979005635, -0.0002881618856918067, -0.00027375377248972654, -0.00025934568839147687, -0.0002449376042932272, -0.00023052949109114707, -0.00021612139244098216, -0.0002017133083427325, -0.0001873052096925676, -0.0001728971255943179, -0.000158489026944153, -0.0001440809282939881, -0.00012967284419573843, -0.00011526474554557353, -0.00010085665417136624, -8.644856279715896e-05, -7.204046414699405e-05, -5.7632372772786766e-05, -4.322428139857948e-05, -2.8816182748414576e-05, -1.4408091374207288e-05, 0.0]}, "gradients/graph_1MLP_model.linear.bias": {"_type": "histogram", "values": [1.0, 0.0, 0.0, 0.0, 0.0, 0.0, 0.0, 0.0, 0.0, 0.0, 0.0, 0.0, 0.0, 0.0, 0.0, 0.0, 0.0, 0.0, 0.0, 0.0, 0.0, 0.0, 0.0, 0.0, 0.0, 0.0, 1.0, 0.0, 0.0, 0.0, 0.0, 0.0, 0.0, 0.0, 0.0, 0.0, 0.0, 2.0, 0.0, 0.0, 0.0, 0.0, 0.0, 0.0, 0.0, 2.0, 0.0, 0.0, 1.0, 2.0, 1.0, 1.0, 0.0, 0.0, 2.0, 0.0, 0.0, 0.0, 0.0, 0.0, 0.0, 0.0, 0.0, 7.0], "bins": [-0.00031279196264222264, -0.00030787347350269556, -0.000302954955259338, -0.00029803646611981094, -0.0002931179478764534, -0.0002881994587369263, -0.0002832809404935688, -0.0002783624513540417, -0.00027344393311068416, -0.0002685254439711571, -0.00026360692572779953, -0.00025868843658827245, -0.0002537699183449149, -0.00024885142920538783, -0.0002439329109620303, -0.0002390144218225032, -0.0002340959181310609, -0.0002291774144396186, -0.00022425891074817628, -0.00021934040705673397, -0.00021442190336529166, -0.00020950339967384934, -0.00020458489598240703, -0.00019966639229096472, -0.00019474790315143764, -0.00018982939945999533, -0.00018491089576855302, -0.0001799923920771107, -0.0001750738883856684, -0.00017015538469422609, -0.00016523688100278378, -0.0001603183918632567, -0.00015539988817181438, -0.00015048138448037207, -0.00014556288078892976, -0.00014064437709748745, -0.00013572587340604514, -0.00013080736971460283, -0.00012588886602316052, -0.00012097036960767582, -0.00011605186591623351, -0.0001111333622247912, -0.00010621485853334889, -0.00010129635484190658, -9.637785842642188e-05, -9.145935473497957e-05, -8.654085104353726e-05, -8.162234735209495e-05, -7.670384366065264e-05, -7.178533996921033e-05, -6.686683627776802e-05, -6.19483325863257e-05, -5.70298325328622e-05, -5.211132884141989e-05, -4.719282878795639e-05, -4.2274325096514076e-05, -3.735581776709296e-05, -3.243731407565065e-05, -2.751881220319774e-05, -2.2600310330744833e-05, -1.7681806639302522e-05, -1.2763302947860211e-05, -7.844801075407304e-06, -2.9262992029543966e-06, 1.9922035789932124e-06]}, "gradients/graph_1MLP_model.linear.weight": {"_type": "histogram",