{"custom_epoch": 0, "_timestamp": 1689344983.0800536, "_runtime": 6.882187604904175, "_step": 0, "_wandb": {"runtime": 5}}