{"custom_epoch": 23, "_timestamp": 1687508575.490921, "_runtime": 1559.868525981903, "_step": 592, "yelp2018/loss": 4.516139618608336, "yelp2018/training_time": 60.058483600616455, "best test recall": 0.0689521639966978, "yelp2018/recall@20": 0.06874395834263676, "yelp2018/ndcg@20": 0.056577572322811555, "yelp2018/precision@20": 0.03077080965012, "yelp2018/groups/recall_group_1@20": 0.0009543520803540123, "yelp2018/groups/recall_group_2@20": 0.0008014810509754162, "yelp2018/groups/recall_group_3@20": 0.0007088010630185069, "yelp2018/groups/recall_group_4@20": 0.0008744590789661916, "yelp2018/groups/recall_group_5@20": 0.0012538723341202313, "yelp2018/groups/recall_group_6@20": 0.001818903113153852, "yelp2018/groups/recall_group_7@20": 0.0027233863205281955, "yelp2018/groups/recall_group_8@20": 0.004514191598155583, "yelp2018/groups/recall_group_9@20": 0.008264978137787161, "yelp2018/groups/recall_group_10@20": 0.04682953356557761, "yelp2018/recall@40": 0.11154748833396785, "yelp2018/ndcg@40": 0.07267163000963278, "yelp2018/precision@40": 0.025184729064039405, "yelp2018/groups/recall_group_1@40": 0.002099634639476942, "yelp2018/groups/recall_group_2@40": 0.0016820010762874434, "yelp2018/groups/recall_group_3@40": 0.0016273134876100893, "yelp2018/groups/recall_group_4@40": 0.001863960077865061, "yelp2018/groups/recall_group_5@40": 0.0026951503371021074, "yelp2018/groups/recall_group_6@40": 0.003909338836209202, "yelp2018/groups/recall_group_7@40": 0.005309855680108263, "yelp2018/groups/recall_group_8@40": 0.008420982044094225, "yelp2018/groups/recall_group_9@40": 0.015351270226310216, "yelp2018/groups/recall_group_10@40": 0.06858798192890432, "MLP(pop_item)": {"_type": "image-file", "sha256": "baaae8fea04acc222dcdd41121567cb206e654d819278d99c2976ea0df6fa86a", "size": 16916, "path": "media/images/MLP(pop_item)_564_baaae8fea04acc222dcd.png", "format": "png", "width": 640, "height": 480, "caption": "epoch:21"}, "MLP(centroid)": {"_type": "image-file", "sha256": "9b50ae0e9d585d92177b4cf4d1524b7e25e75b4a695a1fd2e3d85c403b7a1caf", "size": 16832, "path": "media/images/MLP(centroid)_565_9b50ae0e9d585d92177b.png", "format": "png", "width": 640, "height": 480, "caption": "epoch:21"}, "gradients/graph_1MLP_model.linear_out.bias": {"_type": "histogram", "values": [0.0, 0.0, 0.0, 0.0, 0.0, 0.0, 0.0, 0.0, 0.0, 0.0, 0.0, 0.0, 0.0, 0.0, 0.0, 0.0, 0.0, 0.0, 0.0, 0.0, 0.0, 0.0, 0.0, 0.0, 0.0, 0.0, 0.0, 0.0, 0.0, 0.0, 0.0, 0.0, 1.0, 0.0, 0.0, 0.0, 0.0, 0.0, 0.0, 0.0, 0.0, 0.0, 0.0, 0.0, 0.0, 0.0, 0.0, 0.0, 0.0, 0.0, 0.0, 0.0, 0.0, 0.0, 0.0, 0.0, 0.0, 0.0, 0.0, 0.0, 0.0, 0.0, 0.0, 0.0], "bins": [0.0, 0.0, 0.0, 0.0, 0.0, 0.0, 0.0, 0.0, 0.0, 0.0, 0.0, 0.0, 0.0, 0.0, 0.0, 0.0, 0.0, 0.0, 0.0, 0.0, 0.0, 0.0, 0.0, 0.0, 0.0, 0.0, 0.0, 0.0, 0.0, 0.0, 0.0, 0.0, 0.0, 0.0, 0.0, 0.0, 0.0, 0.0, 0.0, 0.0, 0.0, 0.0, 0.0, 0.0, 0.0, 0.0, 0.0, 0.0, 0.0, 0.0, 0.0, 0.0, 0.0, 0.0, 0.0, 0.0, 0.0, 0.0, 0.0, 0.0, 0.0, 0.0, 0.0, 0.0, 0.0]}, "gradients/graph_1MLP_model.linear_out.weight": {"_type": "histogram", "values": [0.0, 0.0, 0.0, 0.0, 0.0, 0.0, 0.0, 0.0, 0.0, 0.0, 0.0, 0.0, 0.0, 0.0, 0.0, 0.0, 0.0, 0.0, 0.0, 0.0, 0.0, 0.0, 0.0, 0.0, 0.0, 0.0, 0.0, 0.0, 0.0, 0.0, 0.0, 0.0, 20.0, 0.0, 0.0, 0.0, 0.0, 0.0, 0.0, 0.0, 0.0, 0.0, 0.0, 0.0, 0.0, 0.0, 0.0, 0.0, 0.0, 0.0, 0.0, 0.0, 0.0, 0.0, 0.0, 0.0, 0.0, 0.0, 0.0, 0.0, 0.0, 0.0, 0.0, 0.0], "bins": [0.0, 0.0, 0.0, 0.0, 0.0, 0.0, 0.0, 0.0, 0.0, 0.0, 0.0, 0.0, 0.0, 0.0, 0.0, 0.0, 0.0, 0.0, 0.0, 0.0, 0.0, 0.0, 0.0, 0.0, 0.0, 0.0, 0.0, 0.0, 0.0, 0.0, 0.0, 0.0, 0.0, 0.0, 0.0, 0.0, 0.0, 0.0, 0.0, 0.0, 0.0, 0.0, 0.0, 0.0, 0.0, 0.0, 0.0, 0.0, 0.0, 0.0, 0.0, 0.0, 0.0, 0.0, 0.0, 0.0, 0.0, 0.0, 0.0, 0.0, 0.0, 0.0, 0.0, 0.0, 0.0]}, "gradients/graph_1MLP_model.linear.bias": {"_type": "histogram", "values": [0.0, 0.0, 0.0, 0.0, 0.0, 0.0, 0.0, 0.0, 0.0, 0.0, 0.0, 0.0, 0.0, 0.0, 0.0, 0.0, 0.0, 0.0, 0.0, 0.0, 0.0, 0.0, 0.0, 0.0, 0.0, 0.0, 0.0, 0.0, 0.0, 0.0, 0.0, 0.0, 20.0, 0.0, 0.0, 0.0, 0.0, 0.0, 0.0, 0.0, 0.0, 0.0, 0.0, 0.0, 0.0, 0.0, 0.0, 0.0, 0.0, 0.0, 0.0, 0.0, 0.0, 0.0, 0.0, 0.0, 0.0, 0.0, 0.0, 0.0, 0.0, 0.0, 0.0, 0.0], "bins": [0.0, 0.0, 0.0, 0.0, 0.0, 0.0, 0.0, 0.0, 0.0, 0.0, 0.0, 0.0, 0.0, 0.0, 0.0, 0.0, 0.0, 0.0, 0.0, 0.0, 0.0, 0.0, 0.0, 0.0, 0.0, 0.0, 0.0, 0.0, 0.0, 0.0, 0.0, 0.0, 0.0, 0.0, 0.0, 0.0, 0.0, 0.0, 0.0, 0.0, 0.0, 0.0, 0.0, 0.0, 0.0, 0.0, 0.0, 0.0, 0.0, 0.0, 0.0, 0.0, 0.0, 0.0, 0.0, 0.0, 0.0, 0.0, 0.0, 0.0, 0.0, 0.0, 0.0, 0.0, 0.0]}, "gradients/graph_1MLP_model.linear.weight": {"_type": "histogram", "values": [0.0, 0.0, 0.0, 0.0, 0.0, 0.0, 0.0, 0.0, 0.0, 0.0, 0.0, 0.0, 0.0, 0.0, 0.0, 0.0, 0.0, 0.0, 0.0, 0.0, 0.0, 0.0, 0.0, 0.0, 0.0, 0.0, 0.0, 0.0, 0.0, 0.0, 0.0, 0.0, 100.0, 0.0, 0.0, 0.0, 0.0, 0.0, 0.0, 0.0, 0.0, 0.0, 0.0, 0.0, 0.0, 0.0, 0.0, 0.0, 0.0, 0.0, 0.0, 0.0, 0.0, 0.0, 0.0, 0.0, 0.0, 0.0, 0.0, 0.0, 0.0, 0.0, 0.0, 0.0], "bins": [0.0, 0.0, 0.0, 0.0, 0.0, 0.0, 0.0, 0.0, 0.0, 0.0, 0.0, 0.0, 0.0, 0.0, 0.0, 0.0, 0.0, 0.0, 0.0, 0.0, 0.0, 0.0, 0.0, 0.0, 0.0, 0.0, 0.0, 0.0, 0.0, 0.0, 0.0, 0.0, 0.0, 0.0, 0.0, 0.0, 0.0, 0.0, 0.0, 0.0, 0.0, 0.0, 0.0, 0.0, 0.0, 0.0, 0.0, 0.0, 0.0, 0.0, 0.0, 0.0, 0.0, 0.0, 0.0, 0.0, 0.0, 0.0, 0.0, 0.0, 0.0, 0.0, 0.0, 0.0, 0.0]}, "gradients/embedding_user.weight": {"_type": "histogram", "values": [1.0, 0.0, 0.0, 0.0, 0.0, 1.0, 1.0, 2.0, 5.0, 2.0, 7.0, 8.0, 16.0, 24.0, 35.0, 66.0, 117.0, 154.0, 251.0, 382.0, 639.0, 909.0, 1290.0, 1864.0, 2600.0, 3554.0, 4674.0, 6023.0, 7638.0, 9157.0, 12461.0, 1062487.0, 861294.0, 12039.0, 9157.0, 7491.0, 6032.0, 4648.0, 3480.0, 2583.0, 1818.0, 1247.0, 912.0, 567.0, 416.0, 248.0, 182.0, 112.0, 62.0, 31.0, 29.0, 11.0, 10.0, 3.0, 3.0, 0.0, 1.0, 2.0, 1.0, 2.0, 2.0, 0.0, 0.0, 1.0], "bins": [-0.001540894154459238, -0.0014927138108760118, -0.0014445333508774638, -0.0013963530072942376, -0.0013481725472956896, -0.0012999922037124634, -0.0012518118601292372, -0.0012036314001306891, -0.0011554509401321411, -0.001107270596548915, -0.0010590901365503669, -0.0010109097929671407, -0.0009627293329685926, -0.0009145489893853664, -0.0008663685875944793, -0.0008181881858035922, -0.000770007842220366, -0.0007218274404294789, -0.0006736470386385918, -0.0006254666950553656, -0.0005772862350568175, -0.0005291058914735913, -0.0004809254896827042, -0.0004327450878918171, -0.00038456468610093, -0.00033638428431004286, -0.00028820388251915574, -0.00024002350983209908, -0.00019184310804121196, -0.00014366270625032485, -9.548233356326818e-05, -4.730193177238107e-05, 8.784700185060501e-07, 4.905886453343555e-05, 9.723925904836506e-05, 0.00014541964628733695, 0.00019360004807822406, 0.00024178044986911118, 0.00028996082255616784, 0.00033814122434705496, 0.0003863216261379421, 0.0004345020279288292, 0.0004826824297197163, 0.0005308628315106034, 0.0005790431750938296, 0.0006272236350923777, 0.0006754039786756039, 0.000723584380466491, 0.0007717647822573781, 0.0008199451840482652, 0.0008681255858391523, 0.0009163059294223785, 0.0009644863894209266, 0.0010126667330041528, 0.0010608471930027008, 0.001109027536585927, 0.0011572078801691532, 0.0012053882237523794, 0.0012535686837509274, 0.0013017490273341537, 0.0013499294873327017, 0.0013981098309159279, 0.001446290174499154, 0.0014944706344977021, 0.0015426510944962502]}, "gradients/graph_1model.embedding_user.weight": {"_type": "histogram", "values": [1.0, 0.0, 0.0, 0.0, 0.0, 1.0, 1.0, 2.0, 5.0, 2.0, 7.0, 8.0, 16.0, 24.0, 35.0, 66.0, 117.0, 154.0, 251.0, 382.0, 639.0, 909.0, 1290.0, 1864.0, 2600.0, 3554.0, 4674.0, 6023.0, 7638.0, 9157.0, 12461.0, 1062487.0, 861294.0, 12039.0, 9157.0, 7491.0, 6032.0, 4648.0, 3480.0, 2583.0, 1818.0, 1247.0, 912.0, 567.0, 416.0, 248.0, 182.0, 112.0, 62.0, 31.0, 29.0, 11.0, 10.0, 3.0, 3.0, 0.0, 1.0, 2.0, 1.0, 2.0, 2.0, 0.0, 0.0, 1.0],