{"custom_epoch": 5, "_timestamp": 1687347456.0245068, "_runtime": 2727.427809715271, "_step": 135, "gradients/embedding_user.weight": {"_type": "histogram", "values": [1.0, 0.0, 0.0, 0.0, 1.0, 0.0, 0.0, 0.0, 0.0, 0.0, 1.0, 0.0, 1.0, 2.0, 0.0, 1.0, 4.0, 5.0, 2.0, 9.0, 10.0, 16.0, 20.0, 16.0, 27.0, 66.0, 69.0, 103.0, 153.0, 253.0, 447.0, 648.0, 1045.0, 1990.0, 3460.0, 5767.0, 7941.0, 17135.0, 185784.0, 1553272.0, 212693.0, 21506.0, 6129.0, 3773.0, 1974.0, 1018.0, 550.0, 345.0, 191.0, 115.0, 66.0, 54.0, 30.0, 24.0, 15.0, 3.0, 3.0, 8.0, 0.0, 0.0, 2.0, 1.0, 2.0, 1.0], "bins": [-0.0013951254077255726, -0.00135982281062752, -0.0013245202135294676, -0.001289217616431415, -0.0012539150193333626, -0.00121861242223531, -0.0011833098251372576, -0.001148007228039205, -0.0011127046309411526, -0.0010774020338431, -0.0010420994367450476, -0.001006796839646995, -0.0009714942425489426, -0.0009361916454508901, -0.0009008890483528376, -0.0008655864512547851, -0.0008302838541567326, -0.0007949812570586801, -0.0007596786599606276, -0.000724376062862575, -0.0006890734657645226, -0.00065377086866647, -0.0006184682715684175, -0.000583165674470365, -0.0005478630773723125, -0.00051256048027426, -0.00047725788317620754, -0.00044195528607815504, -0.00040665268898010254, -0.00037135009188205004, -0.00033604749478399754, -0.00030074489768594503, -0.00026544235879555345, -0.00023013976169750094, -0.00019483716459944844, -0.00015953456750139594, -0.00012423197040334344, -8.892937330529094e-05, -5.3626776207238436e-05, -1.8324179109185934e-05, 1.6978417988866568e-05, 5.228101508691907e-05, 8.758361218497157e-05, 0.00012288620928302407, 0.00015818880638107657, 0.00019349140347912908, 0.00022879400057718158, 0.0002640965976752341, 0.0002993991947732866, 0.0003347017918713391, 0.0003700043889693916, 0.0004053069860674441, 0.0004406095831654966, 0.0004759121802635491, 0.0005112147773616016, 0.0005465173744596541, 0.0005818199715577066, 0.0006171225686557591, 0.0006524251657538116, 0.0006877277628518641, 0.0007230303599499166, 0.0007583329570479691, 0.0007936355541460216, 0.0008289381512440741, 0.0008642407483421266]}, "gradients/graph_1model.embedding_user.weight": {"_type": "histogram", "values": [1.0, 0.0, 0.0, 0.0, 1.0, 0.0, 0.0, 0.0, 0.0, 0.0, 1.0, 0.0, 1.0, 2.0, 0.0, 1.0, 4.0, 5.0, 2.0, 9.0, 10.0, 16.0, 20.0, 16.0, 27.0, 66.0, 69.0, 103.0, 153.0, 253.0, 447.0, 648.0, 1045.0, 1990.0, 3460.0, 5767.0, 7941.0, 17135.0, 185784.0, 1553272.0, 212693.0, 21506.0, 6129.0, 3773.0, 1974.0, 1018.0, 550.0, 345.0, 191.0, 115.0, 66.0, 54.0, 30.0, 24.0, 15.0, 3.0, 3.0, 8.0, 0.0, 0.0, 2.0, 1.0, 2.0, 1.0], "bins": [-0.0013951254077255726, -0.00135982281062752, -0.0013245202135294676, -0.001289217616431415, -0.0012539150193333626, -0.00121861242223531, -0.0011833098251372576, -0.001148007228039205, -0.0011127046309411526, -0.0010774020338431, -0.0010420994367450476, -0.001006796839646995, -0.0009714942425489426, -0.0009361916454508901, -0.0009008890483528376, -0.0008655864512547851, -0.0008302838541567326, -0.0007949812570586801, -0.0007596786599606276, -0.000724376062862575, -0.0006890734657645226, -0.00065377086866647, -0.0006184682715684175, -0.000583165674470365, -0.0005478630773723125, -0.00051256048027426, -0.00047725788317620754, -0.00044195528607815504, -0.00040665268898010254, -0.00037135009188205004, -0.00033604749478399754, -0.00030074489768594503, -0.00026544235879555345, -0.00023013976169750094, -0.00019483716459944844, -0.00015953456750139594, -0.00012423197040334344, -8.892937330529094e-05, -5.3626776207238436e-05, -1.8324179109185934e-05, 1.6978417988866568e-05, 5.228101508691907e-05, 8.758361218497157e-05, 0.00012288620928302407, 0.00015818880638107657, 0.00019349140347912908, 0.00022879400057718158, 0.0002640965976752341, 0.0002993991947732866, 0.0003347017918713391, 0.0003700043889693916, 0.0004053069860674441, 0.0004406095831654966, 0.0004759121802635491, 0.0005112147773616016, 0.0005465173744596541, 0.0005818199715577066, 0.0006171225686557591, 0.0006524251657538116, 0.0006877277628518641, 0.0007230303599499166, 0.0007583329570479691, 0.0007936355541460216, 0.0008289381512440741, 0.0008642407483421266]}, "gradients/embedding_item.weight": {"_type": "histogram", "values": [2.0, 1.0, 0.0, 4.0, 3.0, 5.0, 7.0, 8.0, 10.0, 12.0, 14.0, 20.0, 24.0, 40.0, 41.0, 64.0, 74.0, 103.0, 118.0, 194.0, 236.0, 279.0, 341.0, 477.0, 703.0, 910.0, 1196.0, 1791.0, 2519.0, 3670.0, 5724.0, 11072.0, 40830.0, 334864.0, 1795028.0, 182943.0, 30201.0, 9485.0, 4579.0, 2568.0, 1561.0, 1062.0, 680.0, 452.0, 329.0, 231.0, 167.0, 124.0, 62.0, 63.0, 44.0, 37.0, 29.0, 17.0, 16.0, 10.0, 7.0, 5.0, 2.0, 7.0, 1.0, 3.0, 1.0, 2.0], "bins": [-0.0009451071382500231, -0.0009176055900752544, -0.0008901041001081467, -0.000862602551933378, -0.0008351010037586093, -0.0008075995137915015, -0.0007800979656167328, -0.0007525964174419641, -0.0007250949274748564, -0.0006975933793000877, -0.0006700918893329799, -0.0006425903411582112, -0.0006150888511911035, -0.0005875873030163348, -0.0005600857548415661, -0.0005325842648744583, -0.0005050827166996896, -0.0004775811976287514, -0.00045007967855781317, -0.0004225781303830445, -0.00039507661131210625, -0.000367575092241168, -0.00034007354406639934, -0.0003125720249954611, -0.0002850705059245229, -0.00025756898685358465, -0.0002300674532307312, -0.00020256591960787773, -0.0001750644005369395, -0.00014756288146600127, -0.00012006134784314781, -9.255981422029436e-05, -6.505829514935613e-05, -3.755676880246028e-05, -1.005524245556444e-05, 1.7446283891331404e-05, 4.494781023822725e-05, 7.244932930916548e-05, 9.995086293201894e-05, 0.0001274523965548724, 0.00015495391562581062, 0.00018245543469674885, 0.0002099569683196023, 0.00023745850194245577, 0.000264960021013394, 0.00029246154008433223, 0.0003199630882591009, 0.00034746460733003914, 0.0003749661264009774, 0.0004024676454719156, 0.00042996916454285383, 0.0004574707127176225, 0.00048497223178856075, 0.000512473750859499, 0.0005399752990342677, 0.0005674768472090364, 0.0005949783371761441, 0.0006224798853509128, 0.0006499813753180206, 0.0006774829234927893, 0.000704984413459897, 0.0007324859616346657, 0.0007599875098094344, 0.0007874889997765422, 0.0008149905479513109]}, "gradients/graph_1model.embedding_item.weight": {"_type": "histogram", "values": [2.0, 1.0, 0.0, 4.0, 3.0, 5.0, 7.0, 8.0, 10.0, 12.0, 14.0, 20.0, 24.0, 40.0, 41.0, 64.0, 74.0, 103.0, 118.0, 194.0, 236.0, 279.0, 341.0, 477.0, 703.0, 910.0, 1196.0, 1791.0, 2519.0, 3670.0, 5724.0, 11072.0, 40830.0, 334864.0, 1795028.0, 182943.0, 30201.0, 9485.0, 4579.0, 2568.0, 1561.0, 1062.0, 680.0, 452.0, 329.0, 231.0, 167.0, 124.0, 62.0, 63.0, 44.0, 37.0, 29.0, 17.0, 16.0, 10.0, 7.0, 5.0, 2.0, 7.0, 1.0, 3.0, 1.0, 2.0],