{"best test recall": 0.01484830987915179, "yelp2018/recall@20": 0.003486232612981436, "yelp2018/ndcg@20": 0.0020212979769640284, "_timestamp": 1686122412.0331707, "_runtime": 640.5164926052094, "_step": 7, "_wandb": {"runtime": 703}}