{"custom_epoch": 0, "_timestamp": 1689345792.974944, "_runtime": 6.825858116149902, "_step": 0, "_wandb": {"runtime": 5}}