{"custom_epoch": 0, "_timestamp": 1687509425.481884, "_runtime": 107.3078339099884, "_step": 26, "yelp2018/loss": 6.03011937015104, "yelp2018/training_time": 52.51452946662903, "best test recall": 0.04096284369532736, "yelp2018/recall@20": 0.04096284369532736, "yelp2018/ndcg@20": 0.034029976077164736, "yelp2018/precision@20": 0.019404446128584062, "yelp2018/groups/recall_group_1@20": 5.262936297419056e-06, "yelp2018/groups/recall_group_2@20": 5.262936297419056e-06, "yelp2018/groups/recall_group_3@20": 7.017248396558741e-07, "yelp2018/groups/recall_group_4@20": 4.669562878638684e-05, "yelp2018/groups/recall_group_5@20": 3.6843508558112085e-05, "yelp2018/groups/recall_group_6@20": 0.00013294697123304844, "yelp2018/groups/recall_group_7@20": 0.00023042080157747844, "yelp2018/groups/recall_group_8@20": 0.0008189163649598576, "yelp2018/groups/recall_group_9@20": 0.002786871483979409, "yelp2018/groups/recall_group_10@20": 0.036898921338798574, "yelp2018/recall@40": 0.06857195109261265, "yelp2018/ndcg@40": 0.04438683795650506, "yelp2018/precision@40": 0.016265630920803336, "yelp2018/groups/recall_group_1@40": 1.8796201062210915e-05, "yelp2018/groups/recall_group_2@40": 2.1264768801714614e-05, "yelp2018/groups/recall_group_3@40": 4.6186522884733926e-05, "yelp2018/groups/recall_group_4@40": 0.00013266403659243817, "yelp2018/groups/recall_group_5@40": 0.00014799191929163849, "yelp2018/groups/recall_group_6@40": 0.00044417061420991695, "yelp2018/groups/recall_group_7@40": 0.0007018257626030356, "yelp2018/groups/recall_group_8@40": 0.0017893972332833278, "yelp2018/groups/recall_group_9@40": 0.0064587716914005925, "yelp2018/groups/recall_group_10@40": 0.05881088234248304, "MLP(pop_item)": {"_type": "image-file", "sha256": "c5b21b1e1f0f7a6b77a386b783e62cf1e71299155ab9d682b89d7ff9ac6627bc", "size": 19086, "path": "media/images/MLP(pop_item)_25_c5b21b1e1f0f7a6b77a3.png", "format": "png", "width": 640, "height": 480, "caption": "epoch:0"}, "MLP(centroid)": {"_type": "image-file", "sha256": "24ae7a93f29fd866aa2427570d3dc436824ed447124d2c1f9adaf8d195111d97", "size": 20769, "path": "media/images/MLP(centroid)_26_24ae7a93f29fd866aa24.png", "format": "png", "width": 640, "height": 480, "caption": "epoch:0"}, "_wandb": {"runtime": 82}}