{"custom_epoch": 16, "_timestamp": 1687347982.4414577, "_runtime": 832.6035857200623, "_step": 402, "yelp2018/loss": 1.3016080943164448, "yelp2018/training_time": 66.86953067779541, "best test recall": 0.05834095284738315, "yelp2018/recall@20": 0.05834095284738315, "yelp2018/ndcg@20": 0.048128164980610635, "yelp2018/precision@20": 0.02537103700896804, "yelp2018/groups/recall_group_1@20": 0.001204904001804822, "yelp2018/groups/recall_group_2@20": 0.0009716640735506354, "yelp2018/groups/recall_group_3@20": 0.0007484529757195772, "yelp2018/groups/recall_group_4@20": 0.0011220913155858732, "yelp2018/groups/recall_group_5@20": 0.0015373265467572678, "yelp2018/groups/recall_group_6@20": 0.002096191941903046, "yelp2018/groups/recall_group_7@20": 0.00277450908492948, "yelp2018/groups/recall_group_8@20": 0.004630158898134581, "yelp2018/groups/recall_group_9@20": 0.007777097960615745, "yelp2018/groups/recall_group_10@20": 0.035478556048382126, "yelp2018/recall@40": 0.09436310922195622, "yelp2018/ndcg@40": 0.061788631089847425, "yelp2018/precision@40": 0.020786756347101174, "yelp2018/groups/recall_group_1@40": 0.0024368908125072205, "yelp2018/groups/recall_group_2@40": 0.0017624192286872958, "yelp2018/groups/recall_group_3@40": 0.001753776308217956, "yelp2018/groups/recall_group_4@40": 0.002065919136282492, "yelp2018/groups/recall_group_5@40": 0.0029598143839869853, "yelp2018/groups/recall_group_6@40": 0.004061621211555047, "yelp2018/groups/recall_group_7@40": 0.0052130000592923165, "yelp2018/groups/recall_group_8@40": 0.008215805473127662, "yelp2018/groups/recall_group_9@40": 0.013555948054080258, "yelp2018/groups/recall_group_10@40": 0.05233791455421898, "gradients/graph_1MLP_model.linear_out.bias": {"_type": "histogram", "values": [0.0, 0.0, 0.0, 0.0, 0.0, 0.0, 0.0, 0.0, 0.0, 0.0, 0.0, 0.0, 0.0, 0.0, 0.0, 0.0, 0.0, 0.0, 0.0, 0.0, 0.0, 0.0, 0.0, 0.0, 0.0, 0.0, 0.0, 0.0, 0.0, 0.0, 0.0, 0.0, 1.0, 0.0, 0.0, 0.0, 0.0, 0.0, 0.0, 0.0, 0.0, 0.0, 0.0, 0.0, 0.0, 0.0, 0.0, 0.0, 0.0, 0.0, 0.0, 0.0, 0.0, 0.0, 0.0, 0.0, 0.0, 0.0, 0.0, 0.0, 0.0, 0.0, 0.0, 0.0], "bins": [3.57666476702434e-06, 3.57666476702434e-06, 3.57666476702434e-06, 3.57666476702434e-06, 3.57666476702434e-06, 3.57666476702434e-06, 3.57666476702434e-06, 3.57666476702434e-06, 3.57666476702434e-06, 3.57666476702434e-06, 3.57666476702434e-06, 3.57666476702434e-06, 3.57666476702434e-06, 3.57666476702434e-06, 3.57666476702434e-06, 3.57666476702434e-06, 3.57666476702434e-06, 3.57666476702434e-06, 3.57666476702434e-06, 3.57666476702434e-06, 3.57666476702434e-06, 3.57666476702434e-06, 3.57666476702434e-06, 3.57666476702434e-06, 3.57666476702434e-06, 3.57666476702434e-06, 3.57666476702434e-06, 3.57666476702434e-06, 3.57666476702434e-06, 3.57666476702434e-06, 3.57666476702434e-06, 3.57666476702434e-06, 3.57666476702434e-06, 3.57666476702434e-06, 3.57666476702434e-06, 3.57666476702434e-06, 3.57666476702434e-06, 3.57666476702434e-06, 3.57666476702434e-06, 3.57666476702434e-06, 3.57666476702434e-06, 3.57666476702434e-06, 3.57666476702434e-06, 3.57666476702434e-06, 3.57666476702434e-06, 3.57666476702434e-06, 3.57666476702434e-06, 3.57666476702434e-06, 3.57666476702434e-06, 3.57666476702434e-06, 3.57666476702434e-06, 3.57666476702434e-06, 3.57666476702434e-06, 3.57666476702434e-06, 3.57666476702434e-06, 3.57666476702434e-06, 3.57666476702434e-06, 3.57666476702434e-06, 3.57666476702434e-06, 3.57666476702434e-06, 3.57666476702434e-06, 3.57666476702434e-06, 3.57666476702434e-06, 3.57666476702434e-06, 3.57666476702434e-06]}, "gradients/graph_1MLP_model.linear_out.weight": {"_type": "histogram", "values": [9.0, 0.0, 0.0, 0.0, 0.0, 0.0, 0.0, 0.0, 1.0, 0.0, 0.0, 0.0, 0.0, 0.0, 0.0, 1.0, 1.0, 0.0, 0.0, 0.0, 0.0, 0.0, 0.0, 0.0, 0.0, 0.0, 0.0, 1.0, 0.0, 0.0, 0.0, 0.0, 0.0, 0.0, 0.0, 0.0, 0.0, 0.0, 1.0, 0.0, 1.0, 0.0, 0.0, 0.0, 1.0, 0.0, 0.0, 0.0, 0.0, 0.0, 0.0, 0.0, 2.0, 0.0, 0.0, 0.0, 0.0, 1.0, 0.0, 0.0, 0.0, 0.0, 0.0, 1.0], "bins": [0.0, 2.5126018954324536e-07, 5.025203790864907e-07, 7.537805686297361e-07, 1.0050407581729814e-06, 1.2563009477162268e-06, 1.5075611372594722e-06, 1.7588213268027175e-06, 2.010081516345963e-06, 2.2613417058892082e-06, 2.5126018954324536e-06, 2.763862084975699e-06, 3.0151222745189443e-06, 3.2663824640621897e-06, 3.517642653605435e-06, 3.7689028431486804e-06, 4.020163032691926e-06, 4.271423222235171e-06, 4.5226834117784165e-06, 4.773943601321662e-06, 5.025203790864907e-06, 5.2764639804081526e-06, 5.527724169951398e-06, 5.778984359494643e-06, 6.030244549037889e-06, 6.281504738581134e-06, 6.532764928124379e-06, 6.784025117667625e-06, 7.03528530721087e-06, 7.2865454967541154e-06, 7.537805686297361e-06, 7.789065421093255e-06, 8.040326065383852e-06, 8.291586709674448e-06, 8.542846444470342e-06, 8.794106179266237e-06, 9.045366823556833e-06, 9.29662746784743e-06, 9.547887202643324e-06, 9.799146937439218e-06, 1.0050407581729814e-05, 1.030166822602041e-05, 1.0552927960816305e-05, 1.08041876956122e-05, 1.1055448339902796e-05, 1.1306708984193392e-05, 1.1557968718989287e-05, 1.1809228453785181e-05, 1.2060489098075777e-05, 1.2311749742366374e-05, 1.2563009477162268e-05, 1.2814269211958162e-05, 1.3065529856248759e-05, 1.3316790500539355e-05, 1.356805023533525e-05, 1.3819309970131144e-05, 1.407057061442174e-05, 1.4321831258712336e-05, 1.4573090993508231e-05, 1.4824350728304125e-05, 1.5075611372594722e-05, 1.5326872016885318e-05, 1.557813084218651e-05, 1.5829391486477107e-05, 1.6080652130767703e-05]}, "gradients/graph_1MLP_model.linear.bias": {"_type": "histogram", "values": [1.0, 0.0, 0.0, 0.0, 0.0, 0.0, 0.0, 0.0, 0.0, 0.0, 0.0, 0.0, 0.0, 0.0, 0.0, 0.0, 1.0, 0.0, 0.0, 0.0, 0.0, 0.0, 0.0, 1.0, 0.0, 0.0, 0.0, 0.0, 0.0, 0.0, 0.0, 0.0, 0.0, 0.0, 0.0, 0.0, 0.0, 0.0, 0.0, 2.0, 0.0, 0.0, 0.0, 0.0, 0.0, 0.0, 0.0, 0.0, 1.0, 0.0, 2.0, 0.0, 0.0, 0.0, 0.0, 0.0, 0.0, 0.0, 0.0, 1.0, 0.0, 9.0, 1.0, 1.0], "bins": [-3.6414407986740116e-06, -3.582615818231716e-06, -3.52379083778942e-06, -3.464965629973449e-06, -3.406140649531153e-06, -3.3473156690888572e-06, -3.288490461272886e-06, -3.2296654808305902e-06, -3.1708405003882945e-06, -3.1120155199459987e-06, -3.053190539503703e-06, -2.9943653316877317e-06, -2.935540351245436e-06, -2.87671537080314e-06, -2.817890162987169e-06, -2.759065182544873e-06, -2.7002402021025773e-06, -2.6414152216602815e-06, -2.5825902412179857e-06, -2.5237650334020145e-06, -2.4649400529597187e-06, -2.406115072517423e-06, -2.3472898647014517e-06, -2.288464884259156e-06, -2.22963990381686e-06, -2.1708149233745644e-06, -2.1119899429322686e-06, -2.0531647351162974e-06, -1.9943397546740016e-06, -1.935514774231706e-06, -1.8766896801025723e-06, -1.8178645859734388e-06, -1.759039605531143e-06, -1.7002146250888472e-06, -1.6413895309597137e-06, -1.5825644368305802e-06, -1.5237394563882845e-06, -1.4649144759459887e-06, -1.4060893818168552e-06, -1.3472642876877217e-06, -1.2884393072454259e-06, -1.22961432680313e-06, -1.1707892326739966e-06, -1.111964138544863e-06, -1.0531391581025673e-06, -9.943141776602715e-07, -9.35489083531138e-07, -8.766640462454234e-07, -8.178390089597087e-07, -7.590139716739941e-07, -7.001889343882794e-07, -6.413638971025648e-07, -5.825388598168502e-07, -5.237138225311355e-07, -4.648887852454209e-07, -4.0606374795970623e-07, -3.472387106739916e-07, -2.8841367338827695e-07, -2.295886361025623e-07, -1.7076359881684766e-07, -1.1193856153113302e-07, -5.3113524245418375e-08, 5.711513040296268e-09, 6.453655032601091e-08, 1.2336157340087084e-07]}, "gradients/graph_1MLP_model.linear.weight": {"_type": "histogram", "values": [1.0, 0.0, 1.0, 0.0, 0.0, 0.0, 0.0, 0.0, 0.0, 0.0, 0.0, 0.0, 0.0, 0.0, 0.0, 0.0, 1.0, 1.0, 0.0, 0.0, 0.0, 0.0, 0.0, 1.0, 1.0, 0.0, 0.0, 0.0, 0.0, 0.0, 0.0, 0.0, 0.0, 0.0, 0.0, 0.0, 0.0, 0.0, 0.0, 2.0, 2.0, 0.0, 0.0, 1.0, 0.0, 0.0, 0.0, 0.0, 3.0, 1.0, 4.0, 0.0, 0.0, 0.0, 0.0, 2.0, 0.0, 1.0, 2.0, 3.0, 7.0, 61.0, 3.0, 2.0],