{"best test recall": 0.044128392771264235, "yelp2018/recall@20": 0.043858876664763444, "yelp2018/ndcg@20": 0.03593630302296097, "_timestamp": 1686039961.5102425, "_runtime": 12096.969042539597, "_step": 318, "_wandb": {"runtime": 12131}}