{"best test recall": 0.03463186683913129, "yelp2018/recall@20": 0.03463186683913129, "yelp2018/ndcg@20": 0.028235929864666418, "_timestamp": 1686031348.0902507, "_runtime": 3483.549050807953, "_step": 93}