{"best test recall": 0.043396763014366915, "yelp2018/recall@20": 0.043256161133978885, "yelp2018/ndcg@20": 0.03547702057394732, "_timestamp": 1686037086.1526144, "_runtime": 9221.611414432526, "_step": 250}