{"custom_epoch": 0, "_timestamp": 1686887374.858616, "_runtime": 20.584550142288208, "_step": 0, "_wandb": {"runtime": 21}}