{"custom_epoch": 0, "_timestamp": 1686898685.5992806, "_runtime": 21.48544669151306, "_step": 0, "_wandb": {"runtime": 56}}