{"custom_epoch": 1, "_timestamp": 1687681185.806373, "_runtime": 80.66781783103943, "_step": 28, "yelp2018/loss": 6.571392769055651, "yelp2018/training_time": 49.572431802749634, "best test recall": 0.03997516162310424, "yelp2018/recall@20": 0.03997516162310424, "yelp2018/ndcg@20": 0.033048644350322044, "yelp2018/precision@20": 0.018894467601364155, "yelp2018/groups/recall_group_1@20": 6.315523556902868e-06, "yelp2018/groups/recall_group_2@20": 1.4915701255223802e-05, "yelp2018/groups/recall_group_3@20": 2.31768550734068e-05, "yelp2018/groups/recall_group_4@20": 7.878702173825067e-05, "yelp2018/groups/recall_group_5@20": 6.771878137641391e-05, "yelp2018/groups/recall_group_6@20": 0.00022661554711472326, "yelp2018/groups/recall_group_7@20": 0.00037722869423169883, "yelp2018/groups/recall_group_8@20": 0.0012060402994508602, "yelp2018/groups/recall_group_9@20": 0.0037325335908768233, "yelp2018/groups/recall_group_10@20": 0.03424182960842994, "yelp2018/recall@40": 0.06728110717088034, "yelp2018/ndcg@40": 0.04333052464431693, "yelp2018/precision@40": 0.01595853858784893, "yelp2018/groups/recall_group_1@40": 3.896452480196323e-05, "yelp2018/groups/recall_group_2@40": 4.156818533804844e-05, "yelp2018/groups/recall_group_3@40": 7.52519623132724e-05, "yelp2018/groups/recall_group_4@40": 0.00027321740566303986, "yelp2018/groups/recall_group_5@40": 0.00029024897371505325, "yelp2018/groups/recall_group_6@40": 0.0006564293219951896, "yelp2018/groups/recall_group_7@40": 0.001032703106040828, "yelp2018/groups/recall_group_8@40": 0.002740737218781214, "yelp2018/groups/recall_group_9@40": 0.00760951739855377, "yelp2018/groups/recall_group_10@40": 0.05452246907367796, "MLP(pop_item)": {"_type": "image-file", "sha256": "a0b468edd7077a6c81bed03e2c3c1db982ed1223cb9f8b375889a451e1af3084", "size": 22985, "path": "media/images/MLP(pop_item)_25_a0b468edd7077a6c81be.png", "format": "png", "width": 640, "height": 480, "caption": "epoch:0"}, "MLP(centroid)": {"_type": "image-file", "sha256": "e838b193e81f1f9b472adc7cab4ff9831d7a83b2f44932b6b4afdd0a2cb0513d", "size": 24186, "path": "media/images/MLP(centroid)_26_e838b193e81f1f9b472a.png", "format": "png", "width": 640, "height": 480, "caption": "epoch:0"}, "Hist(pos_weight)": {"_type": "image-file", "sha256": "d696ae69c8960256fd42bc9c39a8372ae42686bd1d14d9cccd66cb07733cb07e", "size": 17276, "path": "media/images/Hist(pos_weight)_27_d696ae69c8960256fd42.png", "format": "png", "width": 640, "height": 480, "caption": "epoch:0"}, "_wandb": {"runtime": 87}}